Application_ID,Gender,Marks_12th_Percent,Entrance_Exam_Score,Form_Submission_Date,Category,Admission_Round,Distance_From_Home_KM,Family_Income,First_Preference,Admission_Confirmed,Joined,Week1_Dropout,Week2_Dropout,Week3_Dropout,Week4_Dropout,Final_Dropout_Label
APP0001,Male,80.96,57.93,2024-06-04,SC,1,124,Low,0,1,0,0,0,0,0,0
APP0002,Male,82.77,82.85,2024-08-15,ST,1,25,Low,0,1,1,0,0,0,0,0
APP0003,Female,72.19,56.49,2024-08-15,SC,1,398,Low,1,1,1,0,0,1,0,1
APP0004,Male,93.95,71.51,2024-07-16,SC,3,145,Low,1,1,0,0,0,0,0,0
APP0005,Female,69.37,68.14,2024-06-11,SC,3,326,Middle,0,0,0,0,0,0,0,0
APP0006,Male,69.44,53.01,2024-08-24,OBC,2,50,Low,0,1,1,0,0,0,0,0
APP0007,Male,77.9,31.3,2024-08-17,OBC,3,383,Low,0,1,1,0,0,0,0,0
APP0008,Male,54.3,51.57,2024-06-30,General,2,215,Middle,0,1,0,0,0,0,0,0
APP0009,Female,62.85,64.71,2024-06-28,ST,2,462,High,1,1,1,0,0,0,0,0
APP0010,Female,64.1,38.82,2024-07-17,OBC,1,270,Middle,0,0,0,0,0,0,0,0
APP0011,Male,92.59,56.61,2024-06-20,OBC,3,226,High,0,1,1,0,0,0,0,0
APP0012,Male,75.81,38.63,2024-08-27,SC,3,184,Low,1,1,1,0,0,0,0,0
APP0013,Male,68.47,61.66,2024-08-04,General,3,162,High,0,1,0,0,0,0,0,0
APP0014,Male,61.19,65.64,2024-08-16,SC,2,19,Low,1,0,0,0,0,0,0,0
APP0015,Female,67.79,55.62,2024-07-01,General,1,459,High,0,1,1,1,0,0,0,1
APP0016,Male,67.78,87.78,2024-06-17,ST,3,94,Middle,1,0,0,0,0,0,0,0
APP0017,Male,74.84,44.13,2024-07-10,ST,3,342,Middle,1,0,0,0,0,0,0,0
APP0018,Female,84.87,41.69,2024-06-16,OBC,1,42,Middle,0,1,1,0,0,0,0,0
APP0019,Male,77.51,30.6,2024-07-13,General,3,131,Middle,1,1,1,0,0,0,0,0
APP0020,Female,59.06,62.95,2024-06-25,General,1,347,Middle,1,1,1,0,0,0,0,0
APP0021,Female,83.86,62.57,2024-07-14,General,1,108,Low,1,1,1,0,0,0,0,0
APP0022,Male,73.61,55.48,2024-06-07,General,1,484,Low,0,1,1,0,0,0,1,1
APP0023,Female,57.26,49.2,2024-07-04,ST,2,226,High,1,1,1,0,0,0,0,0
APP0024,Male,69.47,75.86,2024-06-07,ST,3,480,High,0,1,1,0,1,0,0,1
APP0025,Male,79.12,33.55,2024-08-26,OBC,2,71,High,0,1,1,0,0,0,0,0
APP0026,Female,78.89,54.22,2024-06-27,SC,1,145,Middle,0,1,1,0,0,0,0,0
APP0027,Male,66.88,69.18,2024-06-10,OBC,3,145,Low,1,0,0,0,0,0,0,0
APP0028,Male,87.37,73.97,2024-07-18,SC,1,234,High,1,1,0,0,0,0,0,0
APP0029,Male,64.93,55.36,2024-08-25,SC,3,63,Low,1,1,1,0,0,0,0,0
APP0030,Male,78.98,74.63,2024-08-27,SC,3,260,Middle,0,1,1,0,1,0,0,1
APP0031,Male,69.25,57.22,2024-08-21,SC,1,389,Middle,1,1,1,0,0,0,1,1
APP0032,Female,61.72,42.06,2024-08-14,OBC,2,75,Low,1,1,0,0,0,0,0,0
APP0033,Male,84.75,80.34,2024-07-16,OBC,3,137,High,0,1,1,0,0,0,0,0
APP0034,Male,74.14,75.05,2024-06-21,OBC,2,22,Low,1,1,1,0,0,0,0,0
APP0035,Male,79.34,50.32,2024-07-19,General,2,123,Low,1,1,0,0,0,0,0,0
APP0036,Male,79.34,83.07,2024-06-29,General,3,108,Middle,1,1,1,0,0,0,0,0
APP0037,Female,74.57,83.47,2024-06-04,General,2,101,High,1,1,1,0,0,0,0,0
APP0038,Male,43.56,72.33,2024-07-20,OBC,2,32,High,1,1,0,0,0,0,0,0
APP0039,Male,76.04,55.51,2024-07-17,ST,1,495,High,1,1,1,1,0,0,0,1
APP0040,Female,76.1,30.19,2024-08-04,SC,3,219,Middle,1,0,0,0,0,0,0,0
APP0041,Male,72.36,65.36,2024-06-25,ST,3,491,Middle,0,1,1,0,1,0,0,1
APP0042,Female,92.73,52.23,2024-06-27,ST,3,320,High,1,1,1,0,0,0,0,0
APP0043,Male,65.3,52.47,2024-08-24,General,2,273,High,1,1,0,0,0,0,0,0
APP0044,Male,85.98,64.93,2024-08-26,SC,1,422,Low,0,1,1,0,0,1,0,1
APP0045,Female,68.64,67.7,2024-08-20,OBC,3,366,Middle,1,1,1,0,0,0,0,0
APP0046,Female,76.16,74.53,2024-06-29,OBC,3,275,Middle,0,1,0,0,0,0,0,0
APP0047,Male,66.58,55.09,2024-07-29,OBC,2,351,High,1,0,0,0,0,0,0,0
APP0048,Female,70.29,38.05,2024-08-18,ST,3,238,Low,1,1,0,0,0,0,0,0
APP0049,Female,78.55,63.92,2024-08-06,ST,3,132,Middle,1,1,1,0,0,0,0,0
APP0050,Male,75.06,56.48,2024-07-20,OBC,3,119,Low,1,1,1,0,0,0,0,0
APP0051,Male,58.02,53.69,2024-08-13,ST,2,13,Middle,1,0,0,0,0,0,0,0
APP0052,Female,70.89,47.97,2024-08-08,OBC,2,122,Middle,1,1,1,0,0,0,0,0
APP0053,Male,73.06,66.06,2024-08-19,General,2,313,High,0,1,1,0,0,0,0,0
APP0054,Female,97.63,62.62,2024-07-12,SC,2,152,Middle,1,1,1,0,0,0,0,0
APP0055,Male,78.09,58.88,2024-08-23,General,1,496,Low,0,0,0,0,0,0,0,0
APP0056,Male,51.97,59.6,2024-07-01,OBC,2,352,Low,0,1,1,0,0,0,0,0
APP0057,Male,75.72,96.95,2024-07-10,General,3,23,Middle,1,1,1,0,0,0,0,0
APP0058,Female,72.69,64.52,2024-08-27,General,3,410,Low,1,1,1,1,0,0,0,1
APP0059,Female,74.58,42.47,2024-06-02,ST,2,64,Middle,1,1,0,0,0,0,0,0
APP0060,Male,88.71,71.28,2024-07-26,OBC,3,277,High,1,1,0,0,0,0,0,0
APP0061,Female,84.49,46.36,2024-07-30,ST,3,313,Middle,1,0,0,0,0,0,0,0
APP0062,Male,91.83,38.97,2024-07-06,ST,1,394,Middle,1,1,1,0,0,0,0,0
APP0063,Female,82.04,92.86,2024-08-16,SC,3,15,High,0,1,1,0,0,0,0,0
APP0064,Female,63.11,51.51,2024-07-28,General,1,160,Low,1,1,1,0,0,0,0,0
APP0065,Female,76.2,52.45,2024-07-16,ST,2,166,Middle,0,1,1,0,0,0,0,0
APP0066,Male,56.39,61.03,2024-08-01,SC,3,311,High,1,0,0,0,0,0,0,0
APP0067,Male,62.25,67.1,2024-07-08,OBC,2,101,Middle,0,0,0,0,0,0,0,0
APP0068,Male,63.97,83.25,2024-07-06,General,1,293,Middle,0,1,0,0,0,0,0,0
APP0069,Male,65.6,55.17,2024-06-02,SC,2,255,Middle,1,1,1,0,0,0,0,0
APP0070,Male,84.76,41.54,2024-08-13,General,1,86,High,1,1,1,0,0,0,0,0
APP0071,Female,77.73,79.61,2024-07-28,ST,2,450,High,1,1,1,0,0,0,0,0
APP0072,Male,55.71,62.77,2024-07-04,General,1,132,Low,0,1,1,0,0,1,0,1
APP0073,Female,78.12,71.73,2024-08-30,SC,3,450,Middle,0,1,0,0,0,0,0,0
APP0074,Male,60.16,40.19,2024-07-25,General,3,125,High,0,0,0,0,0,0,0,0
APP0075,Male,81.26,64.45,2024-06-10,General,1,415,Middle,1,1,1,0,0,0,0,0
APP0076,Female,78.01,65.2,2024-06-11,General,2,386,Middle,1,1,1,0,0,0,1,1
APP0077,Female,66.84,63.48,2024-08-13,General,1,250,High,1,0,0,0,0,0,0,0
APP0078,Male,78.52,49.28,2024-08-14,ST,3,426,Middle,0,1,1,0,1,0,0,1
APP0079,Male,97.39,67.11,2024-07-13,ST,3,263,Middle,1,1,1,0,0,0,0,0
APP0080,Female,60.7,69.85,2024-08-05,General,3,455,High,1,1,1,0,0,0,0,0
APP0081,Male,63.3,71.81,2024-07-05,OBC,2,234,High,1,1,0,0,0,0,0,0
APP0082,Male,88.9,47.69,2024-08-30,OBC,2,292,Low,1,1,0,0,0,0,0,0
APP0083,Male,86.56,66.19,2024-07-30,General,3,436,Low,1,0,0,0,0,0,0,0
APP0084,Female,84.86,88.45,2024-08-05,SC,2,437,Middle,1,1,1,0,0,0,0,0
APP0085,Male,72.06,48.69,2024-07-06,ST,2,488,High,1,0,0,0,0,0,0,0
APP0086,Female,64.33,47.76,2024-07-09,ST,1,238,High,1,1,1,0,0,0,0,0
APP0087,Male,74.07,65.12,2024-08-13,ST,1,448,Middle,0,1,1,0,0,0,0,0
APP0088,Male,78.32,72.41,2024-08-03,General,1,267,High,1,1,1,0,0,0,0,0
APP0089,Female,75.16,81.8,2024-08-23,OBC,1,250,Middle,1,1,1,0,0,0,0,0
APP0090,Female,71.82,100.0,2024-08-20,ST,3,28,High,0,1,1,0,0,0,0,0
APP0091,Male,82.51,47.14,2024-07-27,OBC,3,163,Low,0,1,1,0,0,0,0,0
APP0092,Male,62.15,67.24,2024-06-22,OBC,1,322,Middle,0,1,1,0,0,0,0,0
APP0093,Female,72.32,70.71,2024-07-07,OBC,1,236,Middle,1,1,1,0,0,0,0,0
APP0094,Female,80.68,58.91,2024-06-14,OBC,2,302,Middle,1,0,0,0,0,0,0,0
APP0095,Female,64.84,37.28,2024-06-03,ST,2,14,High,0,0,0,0,0,0,0,0
APP0096,Female,69.64,72.85,2024-07-07,OBC,3,420,Middle,0,1,0,0,0,0,0,0
APP0097,Male,77.57,41.31,2024-08-20,General,3,340,Low,1,0,0,0,0,0,0,0
APP0098,Male,77.08,65.78,2024-08-14,SC,3,77,Low,1,1,1,0,0,0,0,0
APP0099,Female,64.39,62.31,2024-06-22,SC,2,422,Middle,1,0,0,0,0,0,0,0
APP0100,Female,75.7,42.86,2024-06-10,OBC,1,450,High,1,0,0,0,0,0,0,0
APP0101,Female,79.29,68.41,2024-06-12,ST,1,145,High,0,1,1,0,0,0,0,0
APP0102,Male,88.0,75.81,2024-08-26,OBC,2,22,High,1,0,0,0,0,0,0,0
APP0103,Male,58.47,45.93,2024-08-22,General,3,431,Middle,1,1,1,1,0,0,0,1
APP0104,Male,81.18,67.71,2024-07-09,ST,1,59,Low,0,1,1,0,0,0,0,0
APP0105,Male,81.18,100.0,2024-07-24,General,2,325,Middle,1,1,1,0,0,0,0,0
APP0106,Female,81.85,77.03,2024-08-09,SC,1,213,Middle,0,0,0,0,0,0,0,0
APP0107,Female,86.45,69.77,2024-06-12,OBC,3,337,High,0,1,1,0,0,0,0,0
APP0108,Male,71.22,71.38,2024-08-15,OBC,1,178,Low,0,1,0,0,0,0,0,0
APP0109,Male,65.73,56.45,2024-08-09,SC,1,66,High,0,1,1,0,0,1,0,1
APP0110,Female,69.18,61.23,2024-06-07,OBC,3,225,High,0,0,0,0,0,0,0,0
APP0111,Female,100.0,31.99,2024-07-28,SC,3,313,Low,1,1,0,0,0,0,0,0
APP0112,Male,83.24,35.81,2024-08-24,SC,2,339,Low,0,0,0,0,0,0,0,0
APP0113,Female,69.34,76.33,2024-07-25,General,2,374,Middle,0,0,0,0,0,0,0,0
APP0114,Female,75.77,43.83,2024-08-17,OBC,1,74,Middle,1,1,1,0,0,0,0,0
APP0115,Male,66.42,70.19,2024-08-23,OBC,2,241,Low,1,1,1,0,0,0,0,0
APP0116,Female,66.24,63.25,2024-06-20,ST,1,56,Low,0,1,0,0,0,0,0,0
APP0117,Female,75.55,50.23,2024-06-17,General,3,499,High,1,1,1,0,0,0,0,0
APP0118,Male,100.0,69.51,2024-07-07,SC,2,63,High,0,1,1,0,0,0,0,0
APP0119,Female,50.7,62.8,2024-08-13,OBC,2,442,High,0,0,0,0,0,0,0,0
APP0120,Female,67.06,72.79,2024-06-04,OBC,2,369,Middle,1,1,1,0,0,1,0,1
APP0121,Male,65.49,58.28,2024-06-12,OBC,2,224,Middle,1,1,1,0,0,0,0,0
APP0122,Male,81.06,72.99,2024-06-21,General,3,51,Middle,1,1,1,0,0,0,0,0
APP0123,Female,60.6,54.98,2024-06-15,SC,3,357,High,1,1,1,0,0,1,0,1
APP0124,Male,69.3,50.2,2024-07-09,OBC,1,401,Middle,1,1,1,0,0,0,0,0
APP0125,Female,96.19,66.07,2024-06-10,ST,3,31,Middle,0,1,1,0,0,0,0,0
APP0126,Female,59.87,73.77,2024-06-15,ST,1,176,Low,1,1,0,0,0,0,0,0
APP0127,Male,100.0,75.49,2024-07-26,General,1,233,High,1,1,1,0,0,0,0,0
APP0128,Male,56.77,52.74,2024-08-07,OBC,2,189,High,0,1,1,0,0,0,0,0
APP0129,Male,90.2,49.38,2024-08-20,ST,2,396,High,1,1,0,0,0,0,0,0
APP0130,Female,80.33,71.62,2024-08-20,SC,1,235,Low,1,1,1,0,1,0,0,1
APP0131,Male,63.88,59.11,2024-07-10,ST,2,29,Low,1,0,0,0,0,0,0,0
APP0132,Male,40.0,44.63,2024-08-22,General,3,314,High,1,1,1,0,0,0,0,0
APP0133,Male,71.97,41.28,2024-07-12,ST,3,87,Low,1,1,0,0,0,0,0,0
APP0134,Female,94.59,38.55,2024-06-11,OBC,1,136,High,1,0,0,0,0,0,0,0
APP0135,Male,69.72,61.96,2024-07-17,SC,2,208,Middle,1,1,1,0,0,0,0,0
APP0136,Female,92.3,38.46,2024-07-07,SC,3,446,High,0,1,1,0,0,0,0,0
APP0137,Female,88.96,60.15,2024-06-17,General,2,296,Middle,1,1,1,0,0,0,0,0
APP0138,Female,63.22,66.93,2024-08-05,SC,1,195,Middle,0,0,0,0,0,0,0,0
APP0139,Female,77.39,51.0,2024-08-02,OBC,1,80,Low,0,1,0,0,0,0,0,0
APP0140,Male,75.84,54.22,2024-08-24,SC,3,77,High,1,1,1,0,0,0,0,0
APP0141,Male,76.36,69.93,2024-07-23,SC,3,378,Low,1,1,1,0,0,0,0,0
APP0142,Female,94.03,41.43,2024-06-25,SC,3,494,High,1,1,1,0,0,0,0,0
APP0143,Male,100.0,30.72,2024-07-03,General,3,256,Middle,0,0,0,0,0,0,0,0
APP0144,Male,73.18,68.82,2024-07-07,General,1,149,Middle,0,0,0,0,0,0,0,0
APP0145,Male,78.37,50.66,2024-06-29,ST,2,486,Low,1,1,1,0,0,0,1,1
APP0146,Male,72.5,52.6,2024-08-23,SC,1,80,Low,1,0,0,0,0,0,0,0
APP0147,Female,67.93,72.74,2024-08-29,OBC,3,250,Middle,0,0,0,0,0,0,0,0
APP0148,Male,79.28,49.61,2024-07-03,OBC,1,290,High,1,1,1,0,1,0,0,1
APP0149,Female,85.8,64.61,2024-08-21,ST,1,66,Middle,0,1,1,0,0,1,0,1
APP0150,Female,84.75,69.44,2024-07-01,ST,1,350,High,0,1,1,0,0,0,0,0
APP0151,Male,65.05,51.6,2024-07-20,ST,1,335,Middle,1,1,1,0,0,0,0,0
APP0152,Female,83.97,69.16,2024-06-18,General,2,289,Middle,0,0,0,0,0,0,0,0
APP0153,Female,74.75,61.76,2024-08-29,ST,3,103,Low,0,0,0,0,0,0,0,0
APP0154,Female,90.33,51.13,2024-06-05,SC,1,32,Low,0,1,1,0,0,0,1,1
APP0155,Male,81.57,56.97,2024-07-07,SC,1,453,High,1,1,1,0,0,0,0,0
APP0156,Female,72.39,76.48,2024-06-24,ST,3,264,Middle,1,1,1,0,0,0,0,0
APP0157,Female,84.9,72.2,2024-06-14,General,2,348,Middle,1,1,1,0,0,0,0,0
APP0158,Female,90.67,60.32,2024-08-18,ST,2,337,Low,0,1,1,0,0,0,1,1
APP0159,Female,83.18,55.35,2024-06-05,OBC,1,130,High,1,1,0,0,0,0,0,0
APP0160,Male,78.89,58.05,2024-08-17,OBC,3,240,Middle,1,1,1,0,0,0,0,0
APP0161,Male,76.16,68.93,2024-06-04,OBC,2,275,Middle,0,1,1,0,0,0,0,0
APP0162,Female,65.18,91.39,2024-06-26,General,1,446,Low,1,1,1,0,0,0,0,0
APP0163,Female,62.93,41.79,2024-08-30,General,3,287,Middle,1,0,0,0,0,0,0,0
APP0164,Male,88.9,71.87,2024-07-17,OBC,1,112,Low,0,1,1,0,0,0,0,0
APP0165,Male,82.49,69.43,2024-06-09,SC,2,377,High,1,1,1,0,1,0,0,1
APP0166,Female,74.85,46.54,2024-08-22,General,2,248,High,1,1,0,0,0,0,0,0
APP0167,Male,75.91,49.84,2024-06-17,ST,3,476,Low,0,1,1,1,0,0,0,1
APP0168,Male,86.7,57.79,2024-07-15,SC,1,138,Low,1,1,1,0,0,0,0,0
APP0169,Male,65.09,55.18,2024-06-22,SC,3,31,Low,0,1,0,0,0,0,0,0
APP0170,Female,79.96,51.54,2024-08-23,OBC,3,223,High,0,1,0,0,0,0,0,0
APP0171,Female,65.13,63.66,2024-08-22,SC,2,135,High,1,1,1,1,0,0,0,1
APP0172,Female,77.94,52.4,2024-07-24,ST,2,114,Middle,0,1,0,0,0,0,0,0
APP0173,Female,69.35,63.48,2024-07-22,OBC,2,273,High,0,1,1,0,0,0,0,0
APP0174,Female,57.62,38.89,2024-08-18,ST,1,453,Low,1,0,0,0,0,0,0,0
APP0175,Female,66.38,56.8,2024-06-25,OBC,2,273,Middle,1,0,0,0,0,0,0,0
APP0176,Female,78.73,82.13,2024-06-03,General,2,268,Middle,0,1,1,0,0,0,0,0
APP0177,Female,85.29,57.6,2024-07-07,General,1,230,Low,1,1,1,0,0,0,0,0
APP0178,Female,74.77,44.96,2024-06-10,ST,3,240,High,1,0,0,0,0,0,0,0
APP0179,Male,74.78,55.67,2024-06-17,General,2,201,Middle,1,1,1,0,0,0,0,0
APP0180,Female,78.87,47.59,2024-07-31,ST,1,320,High,0,1,1,0,0,0,0,0
APP0181,Female,81.23,82.99,2024-08-04,ST,3,298,Middle,1,1,1,0,0,0,0,0
APP0182,Male,73.69,66.03,2024-08-16,ST,2,345,High,0,0,0,0,0,0,0,0
APP0183,Female,83.28,53.98,2024-06-22,ST,1,430,High,0,1,0,0,0,0,0,0
APP0184,Male,77.69,60.19,2024-06-25,General,2,170,Middle,0,1,1,0,0,0,0,0
APP0185,Male,76.17,48.4,2024-08-30,OBC,3,116,High,1,0,0,0,0,0,0,0
APP0186,Female,75.29,67.47,2024-08-07,ST,2,499,Low,1,0,0,0,0,0,0,0
APP0187,Female,92.41,74.39,2024-08-09,SC,3,405,High,1,1,1,0,0,0,0,0
APP0188,Female,100.0,48.49,2024-07-07,OBC,3,370,Middle,1,1,1,0,0,0,0,0
APP0189,Female,85.47,62.75,2024-07-21,SC,1,158,Low,1,0,0,0,0,0,0,0
APP0190,Male,100.0,47.88,2024-07-15,ST,3,141,High,1,1,1,0,0,0,0,0
APP0191,Male,64.92,51.01,2024-07-02,General,3,473,High,0,0,0,0,0,0,0,0
APP0192,Male,49.51,52.11,2024-06-13,ST,2,377,Middle,0,0,0,0,0,0,0,0
APP0193,Male,65.89,62.26,2024-06-01,OBC,2,344,Middle,1,1,0,0,0,0,0,0
APP0194,Female,79.1,88.14,2024-07-12,SC,3,40,Low,0,1,0,0,0,0,0,0
APP0195,Male,86.41,51.35,2024-06-23,ST,1,488,Low,1,1,1,0,0,0,1,1
APP0196,Female,64.22,67.38,2024-08-12,General,2,155,Middle,1,0,0,0,0,0,0,0
APP0197,Male,59.16,87.47,2024-08-04,ST,2,108,Low,1,1,1,0,0,0,0,0
APP0198,Male,89.15,52.96,2024-06-23,ST,2,273,Middle,0,1,1,0,0,0,1,1
APP0199,Female,54.44,80.31,2024-07-01,ST,2,498,Middle,1,1,1,0,0,0,0,0
APP0200,Female,73.63,78.57,2024-07-10,OBC,2,361,High,1,1,1,0,0,0,0,0
APP0201,Female,55.87,51.01,2024-06-20,ST,3,320,Middle,1,0,0,0,0,0,0,0
APP0202,Female,75.06,60.7,2024-08-08,OBC,1,358,High,0,1,1,0,0,0,0,0
APP0203,Male,69.6,69.34,2024-08-13,OBC,1,177,High,1,1,1,0,0,0,0,0
APP0204,Female,62.19,57.86,2024-06-17,ST,2,298,Low,1,1,1,1,0,0,0,1
APP0205,Female,76.44,67.72,2024-06-01,OBC,3,47,Low,1,1,1,0,0,0,0,0
APP0206,Male,83.54,43.13,2024-07-07,ST,1,403,Low,1,1,0,0,0,0,0,0
APP0207,Female,56.59,79.17,2024-07-19,ST,1,359,High,0,1,1,0,0,0,0,0
APP0208,Male,78.99,48.77,2024-06-01,General,2,247,High,1,1,0,0,0,0,0,0
APP0209,Male,93.61,61.74,2024-07-29,SC,1,151,Low,0,1,1,0,0,0,0,0
APP0210,Male,89.15,61.01,2024-06-13,General,2,316,High,0,1,1,0,0,0,0,0
APP0211,Male,99.73,86.33,2024-08-04,SC,1,427,High,1,1,1,0,0,0,0,0
APP0212,Male,72.01,74.57,2024-07-23,SC,2,41,High,0,1,1,0,0,0,0,0
APP0213,Female,82.74,80.53,2024-08-29,ST,2,86,Middle,1,1,1,0,0,0,0,0
APP0214,Female,63.42,70.29,2024-06-08,ST,2,295,High,0,1,1,0,0,0,0,0
APP0215,Male,87.7,33.62,2024-06-07,SC,2,354,High,0,0,0,0,0,0,0,0
APP0216,Male,60.8,29.41,2024-08-15,OBC,2,116,Middle,1,0,0,0,0,0,0,0
APP0217,Male,71.77,70.76,2024-06-28,OBC,3,70,High,1,0,0,0,0,0,0,0
APP0218,Male,93.03,61.11,2024-07-21,OBC,3,174,Middle,1,1,1,0,0,0,0,0
APP0219,Female,94.54,39.3,2024-07-11,OBC,2,170,Middle,0,1,1,0,0,0,0,0
APP0220,Female,54.56,59.17,2024-07-08,OBC,1,178,Low,1,1,1,0,0,0,0,0
APP0221,Female,79.61,59.51,2024-08-22,ST,2,96,High,1,1,1,0,0,0,0,0
APP0222,Male,50.19,58.66,2024-08-07,General,1,493,High,0,0,0,0,0,0,0,0
APP0223,Female,59.35,70.05,2024-06-18,OBC,1,372,Low,0,1,1,1,0,0,0,1
APP0224,Female,79.4,45.9,2024-08-24,ST,1,13,High,1,1,1,0,0,1,0,1
APP0225,Female,68.83,44.11,2024-06-23,General,1,278,Low,0,1,1,0,0,0,0,0
APP0226,Female,74.25,74.33,2024-07-29,OBC,3,125,Middle,0,1,0,0,0,0,0,0
APP0227,Male,63.17,67.56,2024-06-12,ST,2,203,High,1,1,1,0,0,0,0,0
APP0228,Male,68.64,48.11,2024-08-07,General,1,118,High,1,1,0,0,0,0,0,0
APP0229,Female,73.72,44.47,2024-08-09,General,1,485,Middle,0,0,0,0,0,0,0,0
APP0230,Male,68.36,42.03,2024-07-21,General,2,93,High,0,1,0,0,0,0,0,0
APP0231,Female,98.58,60.53,2024-07-20,OBC,3,380,Low,1,1,1,0,0,0,0,0
APP0232,Female,66.6,63.21,2024-07-12,General,3,149,Middle,1,1,1,0,0,0,0,0
APP0233,Female,73.65,56.69,2024-07-02,General,1,147,Low,1,1,1,0,0,0,1,1
APP0234,Female,82.37,71.36,2024-07-27,SC,2,62,Low,0,1,1,0,0,1,0,1
APP0235,Female,68.63,51.36,2024-08-10,General,3,316,Middle,1,1,1,0,0,0,0,0
APP0236,Male,71.7,25.47,2024-08-13,OBC,3,204,Low,0,1,1,0,0,0,0,0
APP0237,Male,56.82,80.5,2024-07-17,SC,1,379,High,1,1,1,1,0,0,0,1
APP0238,Female,94.74,56.26,2024-06-01,ST,2,440,High,1,1,1,0,0,0,0,0
APP0239,Male,81.92,64.67,2024-07-09,SC,3,495,High,0,1,1,0,0,0,0,0
APP0240,Male,100.0,76.79,2024-07-12,ST,2,428,Middle,1,1,1,0,0,0,0,0
APP0241,Female,73.46,45.67,2024-08-30,OBC,2,418,Middle,0,0,0,0,0,0,0,0
APP0242,Female,55.72,63.05,2024-08-26,ST,1,334,Middle,0,1,1,0,0,0,0,0
APP0243,Female,65.92,38.67,2024-08-08,ST,3,28,Middle,0,1,1,0,0,0,0,0
APP0244,Female,67.24,43.78,2024-07-13,ST,1,15,Low,1,1,1,0,0,0,0,0
APP0245,Female,95.25,73.22,2024-08-26,OBC,2,22,Middle,0,1,0,0,0,0,0,0
APP0246,Male,74.9,82.2,2024-06-15,OBC,2,169,Middle,1,1,1,0,0,0,0,0
APP0247,Male,75.93,47.08,2024-07-09,General,3,68,Low,1,1,1,0,0,0,0,0
APP0248,Male,93.28,68.08,2024-07-13,ST,2,128,Middle,0,1,1,0,0,0,0,0
APP0249,Female,62.55,57.14,2024-07-20,General,3,119,Low,1,0,0,0,0,0,0,0
APP0250,Male,64.49,39.26,2024-08-13,General,3,105,Middle,1,1,1,0,0,0,0,0
APP0251,Female,86.11,88.64,2024-08-18,ST,3,68,Middle,1,1,1,0,0,0,0,0
APP0252,Male,58.22,68.44,2024-08-26,OBC,2,70,Low,1,1,1,0,0,0,0,0
APP0253,Female,67.19,52.69,2024-06-24,ST,3,285,High,0,1,1,0,0,0,0,0
APP0254,Female,67.89,47.04,2024-06-02,ST,1,109,Middle,1,1,1,0,0,0,0,0
APP0255,Male,75.58,47.54,2024-07-08,General,2,125,High,1,1,1,0,0,0,0,0
APP0256,Male,78.25,59.25,2024-07-05,SC,3,431,Low,1,1,0,0,0,0,0,0
APP0257,Male,72.13,46.39,2024-08-23,OBC,2,457,Low,1,1,0,0,0,0,0,0
APP0258,Male,68.08,71.33,2024-07-27,General,1,117,High,1,1,1,0,0,0,0,0
APP0259,Male,81.01,45.34,2024-08-12,SC,3,153,High,0,1,0,0,0,0,0,0
APP0260,Female,76.19,71.27,2024-08-13,SC,3,470,High,0,1,0,0,0,0,0,0
APP0261,Female,54.97,68.15,2024-06-08,SC,3,74,High,0,1,0,0,0,0,0,0
APP0262,Male,67.05,68.56,2024-08-26,ST,2,82,High,1,1,1,0,0,0,0,0
APP0263,Female,65.84,32.93,2024-08-28,SC,2,496,Middle,1,1,0,0,0,0,0,0
APP0264,Male,55.47,60.72,2024-07-29,SC,1,417,High,1,1,1,0,0,0,0,0
APP0265,Male,78.12,46.44,2024-08-12,ST,2,467,High,0,1,0,0,0,0,0,0
APP0266,Female,82.66,35.08,2024-06-03,General,1,235,Middle,0,0,0,0,0,0,0,0
APP0267,Female,74.21,41.83,2024-06-26,OBC,3,164,Low,1,1,1,1,0,0,0,1
APP0268,Male,67.18,60.71,2024-06-07,ST,3,166,High,0,1,1,0,0,0,0,0
APP0269,Female,64.68,54.23,2024-06-02,General,3,185,Low,1,1,1,0,1,0,0,1
APP0270,Male,87.08,51.35,2024-06-14,SC,2,461,Middle,0,1,0,0,0,0,0,0
APP0271,Male,85.03,43.05,2024-08-22,OBC,1,281,High,0,1,1,0,0,0,0,0
APP0272,Female,81.36,81.62,2024-06-28,General,1,81,Low,1,1,1,0,0,0,0,0
APP0273,Female,45.34,48.05,2024-08-28,General,3,458,Middle,0,1,0,0,0,0,0,0
APP0274,Female,81.92,56.95,2024-07-08,General,1,263,Middle,0,1,1,0,0,1,0,1
APP0275,Female,79.45,50.94,2024-07-11,OBC,2,450,High,1,1,1,0,0,0,1,1
APP0276,Male,76.04,57.66,2024-06-02,SC,1,30,Low,1,1,1,0,0,0,0,0
APP0277,Male,89.01,63.82,2024-07-06,General,2,50,High,0,0,0,0,0,0,0,0
APP0278,Male,79.05,53.82,2024-08-08,SC,2,310,High,0,1,1,0,0,0,0,0
APP0279,Male,69.15,53.51,2024-07-29,General,2,351,High,0,1,0,0,0,0,0,0
APP0280,Male,79.73,53.69,2024-06-21,ST,2,277,High,1,1,1,0,0,0,0,0
APP0281,Male,78.48,91.13,2024-07-13,ST,2,278,Low,1,1,1,0,0,0,0,0
APP0282,Male,85.45,55.11,2024-07-18,OBC,2,405,Low,0,1,1,1,0,0,0,1
APP0283,Male,89.41,53.88,2024-07-02,General,2,196,Middle,0,1,0,0,0,0,0,0
APP0284,Male,50.54,44.88,2024-08-10,ST,1,174,Low,1,0,0,0,0,0,0,0
APP0285,Female,52.55,54.73,2024-07-05,General,3,200,Low,0,1,0,0,0,0,0,0
APP0286,Male,75.22,85.15,2024-07-22,General,2,453,Middle,1,1,1,1,0,0,0,1
APP0287,Male,78.92,56.71,2024-07-08,SC,3,328,Low,1,1,0,0,0,0,0,0
APP0288,Male,84.95,26.83,2024-08-09,OBC,1,13,Middle,0,1,1,0,0,0,1,1
APP0289,Female,77.83,71.56,2024-07-10,General,1,281,Low,1,1,1,0,0,0,0,0
APP0290,Female,57.26,77.16,2024-08-29,SC,2,392,Low,0,1,0,0,0,0,0,0
APP0291,Female,79.06,53.77,2024-06-10,General,2,349,Low,0,1,0,0,0,0,0,0
APP0292,Female,82.59,94.06,2024-08-29,SC,2,241,Middle,0,1,1,0,0,0,0,0
APP0293,Female,77.18,63.72,2024-07-11,ST,1,284,Middle,0,1,1,0,0,0,0,0
APP0294,Male,69.49,47.25,2024-06-28,SC,1,56,High,0,0,0,0,0,0,0,0
APP0295,Female,84.96,47.16,2024-08-05,General,3,163,Middle,0,1,1,0,0,0,0,0
APP0296,Male,75.86,52.84,2024-06-16,General,1,435,Low,0,1,1,0,0,1,0,1
APP0297,Female,80.75,65.0,2024-06-10,General,1,111,High,1,1,1,0,0,0,0,0
APP0298,Male,87.45,52.35,2024-06-22,ST,3,212,Middle,0,1,1,0,0,0,0,0
APP0299,Male,71.76,45.32,2024-06-05,OBC,3,161,Middle,1,0,0,0,0,0,0,0
APP0300,Female,69.67,65.66,2024-06-08,General,2,206,Low,1,1,0,0,0,0,0,0
APP0301,Male,84.08,46.17,2024-08-20,General,2,410,High,1,1,0,0,0,0,0,0
APP0302,Female,85.44,80.33,2024-08-12,SC,2,148,Low,0,1,1,0,0,0,0,0
APP0303,Female,79.96,88.15,2024-08-14,OBC,1,61,Low,0,1,0,0,0,0,0,0
APP0304,Male,65.71,41.33,2024-06-29,ST,2,488,Low,0,1,1,0,0,0,0,0
APP0305,Female,53.66,82.44,2024-08-12,OBC,3,495,Low,1,1,1,1,0,0,0,1
APP0306,Male,82.85,59.17,2024-06-30,OBC,1,279,Middle,0,1,1,0,0,0,0,0
APP0307,Female,78.36,43.12,2024-06-08,General,1,310,High,0,0,0,0,0,0,0,0
APP0308,Female,100.0,61.94,2024-06-10,SC,3,492,High,1,1,1,0,0,0,0,0
APP0309,Female,76.31,70.89,2024-08-23,SC,1,372,High,1,1,1,0,0,0,0,0
APP0310,Male,80.77,63.36,2024-08-29,ST,3,26,Low,1,0,0,0,0,0,0,0
APP0311,Male,65.51,67.07,2024-08-21,General,2,82,Middle,0,1,0,0,0,0,0,0
APP0312,Male,97.58,80.18,2024-08-21,General,3,353,High,1,1,1,0,1,0,0,1
APP0313,Female,94.12,52.33,2024-06-14,General,1,207,Middle,1,0,0,0,0,0,0,0
APP0314,Female,63.12,58.11,2024-08-03,ST,2,289,Middle,0,0,0,0,0,0,0,0
APP0315,Male,75.67,76.41,2024-06-21,ST,1,419,Low,1,1,1,1,0,0,0,1
APP0316,Female,54.69,82.94,2024-06-22,ST,1,384,Low,0,1,0,0,0,0,0,0
APP0317,Female,73.1,53.6,2024-08-30,General,2,492,High,0,1,1,1,0,0,0,1
APP0318,Female,62.85,35.18,2024-06-27,OBC,2,366,High,1,0,0,0,0,0,0,0
APP0319,Female,84.88,61.1,2024-07-01,General,1,211,High,1,1,1,0,0,0,0,0
APP0320,Male,59.52,40.57,2024-06-13,General,1,97,High,1,0,0,0,0,0,0,0
APP0321,Female,70.97,85.04,2024-06-15,SC,2,251,Middle,1,1,1,0,0,0,0,0
APP0322,Female,71.88,37.45,2024-07-27,ST,2,125,Middle,0,1,0,0,0,0,0,0
APP0323,Male,72.05,55.91,2024-06-11,SC,3,221,High,0,1,0,0,0,0,0,0
APP0324,Female,42.64,59.19,2024-08-08,ST,3,461,Low,1,1,1,0,1,0,0,1
APP0325,Male,72.23,70.44,2024-06-16,ST,1,495,Low,0,0,0,0,0,0,0,0
APP0326,Male,97.19,76.9,2024-06-06,ST,1,359,Middle,0,0,0,0,0,0,0,0
APP0327,Male,71.77,43.4,2024-08-16,SC,2,476,High,0,1,0,0,0,0,0,0
APP0328,Female,100.0,60.89,2024-07-06,ST,1,412,High,1,1,1,0,0,0,0,0
APP0329,Male,75.17,59.64,2024-08-12,General,2,454,High,1,0,0,0,0,0,0,0
APP0330,Female,77.38,57.83,2024-07-20,ST,3,321,Middle,0,1,1,0,0,0,0,0
APP0331,Female,68.12,51.8,2024-08-28,OBC,1,391,Middle,1,0,0,0,0,0,0,0
APP0332,Male,74.61,51.85,2024-07-14,SC,2,153,Middle,0,0,0,0,0,0,0,0
APP0333,Male,66.45,61.6,2024-06-18,SC,3,236,Middle,1,1,1,0,0,0,0,0
APP0334,Female,71.94,82.56,2024-08-06,SC,1,273,Low,0,1,1,0,0,0,1,1
APP0335,Male,43.19,76.37,2024-06-26,General,1,26,Middle,0,0,0,0,0,0,0,0
APP0336,Male,89.95,28.9,2024-07-06,SC,2,268,Middle,0,0,0,0,0,0,0,0
APP0337,Male,70.89,54.43,2024-07-18,ST,3,238,Low,1,1,1,0,0,0,0,0
APP0338,Female,58.11,48.33,2024-06-04,ST,1,93,High,0,0,0,0,0,0,0,0
APP0339,Male,61.67,86.28,2024-08-26,OBC,2,343,Middle,0,0,0,0,0,0,0,0
APP0340,Male,86.23,79.07,2024-07-31,OBC,3,98,High,0,1,1,0,0,0,0,0
APP0341,Female,83.66,43.06,2024-07-15,ST,2,121,Middle,1,1,0,0,0,0,0,0
APP0342,Female,68.71,67.34,2024-08-14,General,1,271,High,1,1,1,0,0,0,0,0
APP0343,Female,60.33,70.69,2024-08-21,SC,2,143,High,1,1,1,0,1,0,0,1
APP0344,Female,72.12,54.38,2024-08-24,SC,3,81,High,0,0,0,0,0,0,0,0
APP0345,Female,83.53,66.66,2024-07-04,ST,2,208,High,0,1,0,0,0,0,0,0
APP0346,Male,70.67,77.39,2024-07-14,OBC,3,283,High,1,0,0,0,0,0,0,0
APP0347,Female,62.03,69.24,2024-08-04,SC,1,440,High,0,1,1,0,0,0,0,0
APP0348,Female,82.12,55.36,2024-08-23,General,1,191,Low,1,1,1,0,0,0,0,0
APP0349,Male,78.91,41.23,2024-08-21,General,2,465,Low,0,0,0,0,0,0,0,0
APP0350,Female,86.09,57.23,2024-08-07,SC,2,37,Low,0,0,0,0,0,0,0,0
APP0351,Female,68.73,75.74,2024-07-23,ST,1,171,High,0,1,1,0,0,0,1,1
APP0352,Female,66.55,38.87,2024-06-27,OBC,3,401,Low,1,0,0,0,0,0,0,0
APP0353,Male,56.32,69.09,2024-06-17,ST,3,229,Middle,1,0,0,0,0,0,0,0
APP0354,Female,59.63,86.32,2024-06-01,General,3,112,High,1,0,0,0,0,0,0,0
APP0355,Female,50.02,85.45,2024-08-07,OBC,1,356,Low,0,1,0,0,0,0,0,0
APP0356,Female,77.53,58.55,2024-06-17,General,2,267,High,1,1,0,0,0,0,0,0
APP0357,Female,68.46,65.99,2024-07-08,ST,3,276,High,1,1,1,0,0,0,0,0
APP0358,Male,74.55,76.55,2024-07-22,General,1,124,High,0,1,1,0,0,0,0,0
APP0359,Female,76.37,62.25,2024-08-21,SC,3,329,Low,0,1,0,0,0,0,0,0
APP0360,Male,70.64,59.15,2024-06-07,General,2,237,Middle,0,1,1,0,0,0,0,0
APP0361,Male,78.69,34.35,2024-08-24,SC,3,320,High,0,1,0,0,0,0,0,0
APP0362,Male,58.82,71.15,2024-07-07,General,1,264,Low,0,0,0,0,0,0,0,0
APP0363,Male,77.05,57.24,2024-07-16,ST,2,92,Low,1,0,0,0,0,0,0,0
APP0364,Female,75.22,65.21,2024-07-13,OBC,1,16,High,0,0,0,0,0,0,0,0
APP0365,Female,68.52,48.33,2024-06-20,General,3,48,High,0,0,0,0,0,0,0,0
APP0366,Male,77.35,45.32,2024-07-29,SC,2,247,Low,0,0,0,0,0,0,0,0
APP0367,Male,79.9,34.46,2024-07-08,SC,3,170,Middle,0,1,0,0,0,0,0,0
APP0368,Male,87.35,67.09,2024-06-02,OBC,3,341,Low,1,1,1,0,0,1,0,1
APP0369,Female,78.07,74.74,2024-06-24,General,2,214,Middle,1,1,1,0,0,0,0,0
APP0370,Male,94.99,75.22,2024-08-29,General,1,63,Middle,1,1,1,0,0,0,0,0
APP0371,Male,52.91,40.81,2024-08-01,ST,1,464,Middle,1,1,1,0,0,0,0,0
APP0372,Male,67.5,60.39,2024-08-25,SC,3,277,High,0,1,0,0,0,0,0,0
APP0373,Female,81.21,49.11,2024-07-15,ST,1,439,High,0,1,0,0,0,0,0,0
APP0374,Female,77.24,48.67,2024-08-03,OBC,1,394,Middle,1,1,0,0,0,0,0,0
APP0375,Male,67.66,38.9,2024-08-04,OBC,3,339,Middle,1,0,0,0,0,0,0,0
APP0376,Male,63.92,39.72,2024-07-29,ST,3,239,Low,1,1,1,0,0,0,0,0
APP0377,Male,63.29,75.8,2024-06-12,SC,3,297,Low,1,0,0,0,0,0,0,0
APP0378,Female,63.61,99.49,2024-06-07,OBC,2,179,High,1,1,1,0,0,0,1,1
APP0379,Female,80.92,62.77,2024-08-21,SC,3,277,Middle,0,1,1,0,0,0,0,0
APP0380,Male,64.7,70.5,2024-06-25,General,2,120,Middle,0,0,0,0,0,0,0,0
APP0381,Male,68.09,61.83,2024-07-24,General,3,438,High,0,0,0,0,0,0,0,0
APP0382,Female,100.0,58.56,2024-07-29,OBC,2,12,High,0,1,1,0,0,0,0,0
APP0383,Male,88.79,49.45,2024-06-17,General,2,346,High,1,1,1,0,0,0,0,0
APP0384,Female,74.58,86.56,2024-07-08,ST,1,80,Middle,1,1,1,0,0,0,0,0
APP0385,Male,67.48,87.19,2024-08-19,SC,3,186,High,0,0,0,0,0,0,0,0
APP0386,Male,83.49,51.56,2024-08-04,SC,3,69,Middle,1,1,0,0,0,0,0,0
APP0387,Female,82.59,74.59,2024-08-26,SC,2,423,Low,0,1,1,0,0,0,0,0
APP0388,Female,82.46,36.45,2024-08-27,SC,1,439,Low,1,1,1,0,0,0,0,0
APP0389,Male,66.27,56.29,2024-08-22,ST,1,271,High,1,1,1,0,0,0,0,0
APP0390,Male,74.11,69.31,2024-06-02,SC,1,327,Middle,0,0,0,0,0,0,0,0
APP0391,Female,77.13,39.97,2024-08-15,OBC,3,109,Middle,1,1,1,0,0,0,0,0
APP0392,Female,79.56,69.16,2024-07-06,SC,1,92,High,1,1,1,0,0,0,0,0
APP0393,Female,81.72,76.21,2024-08-02,SC,1,411,High,1,1,0,0,0,0,0,0
APP0394,Male,85.01,66.89,2024-08-04,OBC,2,288,High,1,1,1,0,0,0,0,0
APP0395,Female,74.16,35.09,2024-08-11,General,1,352,Middle,1,1,1,0,0,1,0,1
APP0396,Female,80.16,63.12,2024-07-19,General,2,141,High,1,1,1,0,0,0,0,0
APP0397,Female,78.26,40.85,2024-08-23,OBC,2,273,Low,0,1,0,0,0,0,0,0
APP0398,Male,62.03,75.8,2024-08-20,General,1,353,High,0,0,0,0,0,0,0,0
APP0399,Female,74.53,70.22,2024-06-14,OBC,3,434,High,1,1,0,0,0,0,0,0
APP0400,Male,75.34,60.45,2024-06-04,ST,3,179,Low,0,1,1,0,1,0,0,1
APP0401,Male,86.26,52.26,2024-07-04,ST,2,240,High,1,1,1,0,0,0,0,0
APP0402,Male,76.15,53.07,2024-08-29,General,2,485,High,0,1,0,0,0,0,0,0
APP0403,Male,69.79,55.36,2024-07-07,ST,2,212,High,0,1,1,0,0,0,0,0
APP0404,Male,77.67,52.82,2024-07-09,SC,1,293,High,0,1,1,0,0,0,0,0
APP0405,Female,90.07,46.58,2024-06-28,ST,3,445,High,0,1,1,0,0,0,0,0
APP0406,Male,72.76,53.4,2024-08-10,ST,3,291,Low,1,1,1,0,0,0,0,0
APP0407,Male,92.36,62.95,2024-06-13,SC,3,45,Low,1,1,1,0,0,0,0,0
APP0408,Female,87.38,37.72,2024-07-25,OBC,1,170,Low,0,1,1,0,0,0,0,0
APP0409,Female,78.2,73.34,2024-07-30,ST,2,406,Middle,1,1,1,0,0,0,0,0
APP0410,Male,75.99,75.98,2024-07-04,General,3,48,Low,0,0,0,0,0,0,0,0
APP0411,Female,68.79,81.14,2024-08-15,OBC,1,292,Middle,1,1,1,0,0,0,0,0
APP0412,Male,100.0,54.56,2024-07-30,General,2,196,High,0,1,0,0,0,0,0,0
APP0413,Male,69.65,81.8,2024-08-05,OBC,2,91,Low,0,0,0,0,0,0,0,0
APP0414,Female,93.95,52.16,2024-07-16,General,1,399,Middle,0,1,1,1,0,0,0,1
APP0415,Male,69.96,55.77,2024-08-06,SC,2,250,Middle,0,1,0,0,0,0,0,0
APP0416,Male,58.87,46.22,2024-08-30,SC,3,144,High,0,1,1,0,0,0,0,0
APP0417,Male,62.95,48.48,2024-08-06,ST,2,428,Middle,1,0,0,0,0,0,0,0
APP0418,Male,74.58,63.51,2024-08-04,OBC,2,94,Low,0,1,1,0,0,0,0,0
APP0419,Male,93.61,45.02,2024-07-24,SC,3,68,Middle,1,1,1,0,0,0,0,0
APP0420,Male,86.81,56.79,2024-06-18,General,3,85,Low,0,1,1,0,0,0,1,1
APP0421,Female,74.41,70.12,2024-06-11,OBC,2,320,Middle,1,1,0,0,0,0,0,0
APP0422,Male,61.53,65.74,2024-08-14,OBC,3,347,High,1,1,1,0,0,1,0,1
APP0423,Female,77.0,67.39,2024-07-20,OBC,1,18,Low,1,1,1,0,0,0,0,0
APP0424,Male,78.47,96.83,2024-06-12,ST,3,76,High,0,0,0,0,0,0,0,0
APP0425,Female,67.35,52.04,2024-08-06,ST,2,457,Low,1,1,0,0,0,0,0,0
APP0426,Female,67.52,51.67,2024-07-15,General,2,78,Middle,1,0,0,0,0,0,0,0
APP0427,Male,67.35,77.84,2024-07-07,ST,2,106,Low,0,1,1,1,0,0,0,1
APP0428,Male,92.05,51.44,2024-08-28,SC,2,195,Low,0,1,1,0,0,0,0,0
APP0429,Female,65.01,67.07,2024-06-27,ST,3,411,High,1,1,1,0,0,0,0,0
APP0430,Female,68.37,69.49,2024-06-18,General,3,127,Middle,0,1,1,0,0,0,0,0
APP0431,Male,77.44,37.26,2024-06-21,ST,3,12,Low,0,1,1,1,0,0,0,1
APP0432,Female,93.57,86.94,2024-06-29,SC,1,321,Low,1,1,1,0,0,0,1,1
APP0433,Male,67.65,54.18,2024-08-21,ST,2,15,Low,1,1,0,0,0,0,0,0
APP0434,Male,78.43,65.02,2024-08-18,OBC,3,28,Middle,0,1,0,0,0,0,0,0
APP0435,Male,82.9,90.15,2024-07-06,ST,2,352,Middle,1,1,1,0,1,0,0,1
APP0436,Male,72.88,48.03,2024-08-10,SC,3,434,High,1,1,0,0,0,0,0,0
APP0437,Male,58.45,49.04,2024-08-17,OBC,2,486,Middle,0,1,1,1,0,0,0,1
APP0438,Male,74.6,86.92,2024-08-04,SC,2,494,Low,1,0,0,0,0,0,0,0
APP0439,Female,68.79,63.36,2024-08-28,ST,2,298,Middle,0,0,0,0,0,0,0,0
APP0440,Female,74.8,77.83,2024-08-27,ST,3,451,Low,1,1,1,0,0,0,0,0
APP0441,Female,100.0,52.04,2024-07-23,SC,3,284,Low,1,1,1,0,0,0,0,0
APP0442,Female,69.13,75.66,2024-07-11,SC,1,467,High,1,1,1,0,0,0,0,0
APP0443,Male,83.18,87.7,2024-07-04,OBC,1,113,Low,1,1,1,0,0,0,0,0
APP0444,Male,82.01,54.61,2024-08-01,SC,3,171,Middle,1,1,0,0,0,0,0,0
APP0445,Female,82.09,76.63,2024-07-21,OBC,3,75,Low,1,1,1,0,0,0,0,0
APP0446,Male,84.85,67.61,2024-08-29,ST,2,362,Low,0,1,1,1,0,0,0,1
APP0447,Female,87.8,77.54,2024-08-18,SC,1,290,Middle,0,1,0,0,0,0,0,0
APP0448,Female,91.59,69.73,2024-07-17,OBC,2,227,Low,1,1,1,0,0,0,0,0
APP0449,Male,72.99,62.2,2024-06-13,SC,1,294,Middle,1,1,1,0,0,1,0,1
APP0450,Female,89.48,47.75,2024-08-03,OBC,3,274,High,1,1,1,0,0,0,0,0
APP0451,Male,79.42,54.1,2024-06-28,SC,2,439,High,0,1,1,0,0,0,0,0
APP0452,Male,75.34,79.18,2024-07-23,General,2,454,High,0,1,0,0,0,0,0,0
APP0453,Male,77.29,60.7,2024-07-07,SC,2,354,High,1,1,1,1,0,0,0,1
APP0454,Female,58.68,71.19,2024-07-30,OBC,1,337,Middle,1,1,1,0,1,0,0,1
APP0455,Male,82.75,92.45,2024-07-14,OBC,2,172,High,1,1,1,0,0,0,0,0
APP0456,Female,71.31,63.29,2024-07-23,OBC,1,447,Low,0,1,1,0,0,1,0,1
APP0457,Male,77.99,83.66,2024-07-21,General,1,42,Middle,0,1,1,0,0,0,0,0
APP0458,Female,73.86,64.19,2024-07-10,OBC,1,387,Middle,1,1,1,0,1,0,0,1
APP0459,Female,82.29,62.8,2024-07-12,ST,2,455,High,1,1,1,0,0,0,0,0
APP0460,Female,69.64,62.91,2024-08-07,SC,2,256,High,0,0,0,0,0,0,0,0
APP0461,Female,87.88,44.6,2024-07-10,SC,2,143,Low,1,1,1,0,0,0,0,0
APP0462,Female,76.6,49.5,2024-08-01,SC,1,402,Middle,1,1,1,0,0,0,0,0
APP0463,Male,89.34,37.15,2024-06-21,ST,2,122,Middle,0,1,1,0,0,0,0,0
APP0464,Female,68.29,65.66,2024-08-23,SC,2,106,Low,0,1,1,0,0,0,0,0
APP0465,Female,93.79,59.01,2024-06-03,OBC,1,283,Low,0,0,0,0,0,0,0,0
APP0466,Female,68.34,88.22,2024-07-05,OBC,3,234,High,0,1,1,0,0,0,0,0
APP0467,Female,57.62,27.02,2024-07-30,General,2,51,Low,0,1,1,0,0,0,0,0
APP0468,Female,80.28,52.47,2024-06-02,General,3,137,Middle,1,1,0,0,0,0,0,0
APP0469,Male,62.75,70.63,2024-07-29,General,3,350,Low,1,1,0,0,0,0,0,0
APP0470,Female,77.93,51.54,2024-06-21,General,3,489,High,0,1,0,0,0,0,0,0
APP0471,Male,59.64,73.09,2024-07-17,General,3,121,Low,0,1,1,0,0,0,0,0
APP0472,Male,82.8,58.51,2024-06-06,ST,3,315,Low,1,1,1,0,0,0,0,0
APP0473,Male,97.16,43.95,2024-06-08,SC,3,88,High,0,1,1,0,0,0,0,0
APP0474,Female,56.69,49.62,2024-06-25,General,3,203,Middle,0,1,1,0,0,0,0,0
APP0475,Male,74.45,63.65,2024-08-09,SC,2,384,Middle,1,0,0,0,0,0,0,0
APP0476,Male,72.11,65.28,2024-06-09,OBC,2,161,Middle,1,1,1,0,0,0,0,0
APP0477,Female,59.98,81.66,2024-08-19,OBC,2,379,Low,1,1,1,0,0,0,0,0
APP0478,Female,74.01,76.76,2024-06-15,General,3,347,Low,0,0,0,0,0,0,0,0
APP0479,Male,79.11,66.85,2024-06-23,General,1,64,Middle,0,1,1,0,0,0,0,0
APP0480,Female,81.84,66.72,2024-06-07,SC,1,320,High,0,1,0,0,0,0,0,0
APP0481,Female,82.71,79.94,2024-06-11,ST,3,41,Middle,1,1,1,0,0,0,0,0
APP0482,Female,77.36,70.64,2024-06-10,OBC,3,59,Low,0,1,1,0,0,0,0,0
APP0483,Female,73.92,81.6,2024-06-14,SC,3,244,High,1,0,0,0,0,0,0,0
APP0484,Male,66.88,87.01,2024-06-24,ST,3,182,High,0,1,1,0,0,0,0,0
APP0485,Female,74.52,38.54,2024-07-23,ST,3,175,High,0,1,1,0,0,0,0,0
APP0486,Female,76.54,49.78,2024-07-21,General,3,27,Middle,0,1,0,0,0,0,0,0
APP0487,Female,85.09,50.21,2024-06-01,SC,1,119,Middle,0,1,0,0,0,0,0,0
APP0488,Female,69.65,31.66,2024-08-10,OBC,1,29,Middle,1,1,1,0,0,0,0,0
APP0489,Female,69.57,23.64,2024-08-12,OBC,3,49,High,1,0,0,0,0,0,0,0
APP0490,Male,55.99,71.41,2024-08-02,General,3,338,Middle,0,0,0,0,0,0,0,0
APP0491,Female,84.43,66.38,2024-06-11,General,2,188,Middle,1,0,0,0,0,0,0,0
APP0492,Male,63.4,59.28,2024-06-30,General,3,408,High,1,1,1,0,0,0,0,0
APP0493,Male,74.96,42.62,2024-06-07,ST,2,395,High,0,1,1,0,0,1,0,1
APP0494,Male,93.04,73.16,2024-08-10,ST,2,53,Middle,1,1,1,0,0,0,0,0
APP0495,Male,72.35,60.4,2024-08-11,OBC,1,46,Middle,1,1,0,0,0,0,0,0
APP0496,Male,77.5,29.37,2024-06-15,ST,2,197,Middle,0,1,0,0,0,0,0,0
APP0497,Male,72.03,49.77,2024-07-10,OBC,2,325,Middle,0,1,0,0,0,0,0,0
APP0498,Male,62.98,55.78,2024-06-26,SC,1,397,High,0,1,1,0,0,0,0,0
APP0499,Male,96.57,69.61,2024-07-14,General,2,240,Middle,0,1,0,0,0,0,0,0
APP0500,Male,68.15,68.59,2024-06-27,SC,3,257,High,0,0,0,0,0,0,0,0
APP0501,Male,91.79,73.87,2024-07-19,General,2,97,Low,1,1,1,0,0,0,0,0
APP0502,Female,75.72,50.3,2024-08-24,SC,1,19,Middle,1,1,1,0,0,0,0,0
APP0503,Male,83.38,65.9,2024-06-24,OBC,3,244,High,0,1,0,0,0,0,0,0
APP0504,Female,85.74,69.53,2024-07-13,ST,2,391,Low,0,1,1,0,0,0,0,0
APP0505,Male,87.59,51.97,2024-08-20,SC,2,465,Low,1,1,1,0,0,0,0,0
APP0506,Male,90.81,62.96,2024-07-24,OBC,3,88,Middle,1,0,0,0,0,0,0,0
APP0507,Female,99.9,49.66,2024-07-28,OBC,1,344,Low,0,0,0,0,0,0,0,0
APP0508,Female,95.83,62.97,2024-08-28,OBC,2,475,Low,0,1,1,0,0,0,0,0
APP0509,Male,67.18,52.74,2024-07-11,ST,2,165,Middle,1,1,1,0,1,0,0,1
APP0510,Female,71.16,66.36,2024-08-17,OBC,3,128,Low,0,1,0,0,0,0,0,0
APP0511,Female,81.27,51.39,2024-06-18,ST,3,342,Middle,0,0,0,0,0,0,0,0
APP0512,Female,74.71,92.13,2024-07-31,OBC,1,108,Low,0,1,0,0,0,0,0,0
APP0513,Female,95.73,66.54,2024-07-23,OBC,3,353,Low,0,1,0,0,0,0,0,0
APP0514,Female,75.46,61.8,2024-08-18,ST,3,176,Middle,0,1,0,0,0,0,0,0
APP0515,Female,82.36,44.66,2024-07-11,ST,3,490,High,0,1,1,0,1,0,0,1
APP0516,Male,71.91,34.97,2024-08-06,ST,3,30,High,1,1,1,1,0,0,0,1
APP0517,Female,79.79,69.71,2024-07-27,ST,2,406,Middle,1,1,1,0,0,0,0,0
APP0518,Female,69.2,83.61,2024-06-12,General,1,408,High,0,1,1,1,0,0,0,1
APP0519,Female,60.29,38.03,2024-08-15,OBC,2,56,Middle,1,0,0,0,0,0,0,0
APP0520,Male,77.69,75.71,2024-06-16,General,1,371,Middle,1,1,1,0,0,0,0,0
APP0521,Female,95.21,53.12,2024-06-06,OBC,2,299,High,0,1,1,0,0,0,0,0
APP0522,Female,87.94,59.42,2024-07-07,OBC,1,470,Low,0,1,0,0,0,0,0,0
APP0523,Male,72.93,73.25,2024-07-29,ST,2,288,Low,1,1,1,0,0,0,0,0
APP0524,Male,82.83,36.35,2024-08-10,SC,3,331,High,0,1,1,0,1,0,0,1
APP0525,Male,92.72,80.7,2024-08-25,SC,2,481,Low,0,1,0,0,0,0,0,0
APP0526,Male,67.49,65.94,2024-08-26,SC,3,348,High,0,0,0,0,0,0,0,0
APP0527,Female,80.93,63.91,2024-06-05,General,2,175,Middle,1,0,0,0,0,0,0,0
APP0528,Female,68.4,49.93,2024-08-10,General,2,251,Low,0,0,0,0,0,0,0,0
APP0529,Female,74.69,77.59,2024-07-13,ST,3,117,High,0,1,1,0,0,0,0,0
APP0530,Female,81.52,54.44,2024-07-25,SC,2,279,High,1,0,0,0,0,0,0,0
APP0531,Female,84.26,17.27,2024-08-06,ST,2,423,Low,0,0,0,0,0,0,0,0
APP0532,Male,88.79,33.9,2024-06-01,General,1,248,High,0,1,1,0,0,0,0,0
APP0533,Male,70.65,43.2,2024-06-02,OBC,3,154,Middle,0,1,1,0,1,0,0,1
APP0534,Female,59.46,77.41,2024-07-14,ST,3,301,High,0,0,0,0,0,0,0,0
APP0535,Male,69.39,65.2,2024-07-13,SC,3,255,Middle,0,1,1,0,0,0,0,0
APP0536,Female,74.44,67.16,2024-06-08,SC,3,381,High,1,1,1,0,0,0,0,0
APP0537,Male,75.92,40.76,2024-06-20,SC,1,183,Middle,0,1,1,0,0,0,0,0
APP0538,Female,86.96,52.59,2024-08-30,General,2,221,Low,1,0,0,0,0,0,0,0
APP0539,Female,56.32,53.58,2024-07-28,SC,1,278,Middle,0,1,0,0,0,0,0,0
APP0540,Male,93.01,72.75,2024-06-12,ST,3,22,Middle,0,1,0,0,0,0,0,0
APP0541,Female,70.82,54.76,2024-07-12,OBC,1,430,High,0,1,1,0,0,0,0,0
APP0542,Male,71.14,91.15,2024-08-27,General,2,249,Low,0,1,0,0,0,0,0,0
APP0543,Female,79.58,66.45,2024-06-03,SC,3,466,Low,1,1,1,0,0,0,0,0
APP0544,Male,87.36,63.58,2024-07-06,General,1,500,High,0,1,1,0,0,0,0,0
APP0545,Male,71.89,57.05,2024-06-22,General,2,323,Middle,1,1,1,0,1,0,0,1
APP0546,Female,74.14,59.44,2024-06-07,General,2,210,Low,1,1,1,0,0,0,0,0
APP0547,Female,83.73,60.78,2024-08-12,OBC,1,426,High,1,1,1,0,0,0,0,0
APP0548,Male,83.79,58.79,2024-08-18,SC,2,210,Low,1,1,0,0,0,0,0,0
APP0549,Female,75.94,30.03,2024-08-02,General,1,253,Low,1,1,0,0,0,0,0,0
APP0550,Female,86.0,65.2,2024-07-15,OBC,3,62,Middle,0,1,1,0,0,0,0,0
APP0551,Male,86.98,16.56,2024-08-10,OBC,2,206,Low,1,1,0,0,0,0,0,0
APP0552,Female,100.0,57.91,2024-07-26,SC,3,365,Low,0,1,1,0,0,0,0,0
APP0553,Female,88.3,44.4,2024-07-12,General,2,100,Middle,1,1,1,0,0,0,0,0
APP0554,Male,82.35,44.2,2024-06-12,OBC,1,464,High,0,1,1,0,0,0,0,0
APP0555,Male,67.51,88.71,2024-08-27,SC,2,301,High,1,0,0,0,0,0,0,0
APP0556,Female,72.71,63.26,2024-07-15,General,3,14,High,1,0,0,0,0,0,0,0
APP0557,Female,85.44,67.44,2024-06-08,SC,3,37,Low,1,1,1,1,0,0,0,1
APP0558,Female,76.81,65.47,2024-08-29,ST,3,172,High,1,1,1,0,0,0,0,0
APP0559,Female,100.0,59.14,2024-07-24,OBC,2,456,High,0,1,1,1,0,0,0,1
APP0560,Female,77.41,75.76,2024-08-24,ST,1,53,Low,1,1,1,0,0,0,0,0
APP0561,Female,88.27,77.81,2024-08-10,ST,2,191,Low,0,1,1,0,0,0,0,0
APP0562,Female,82.66,42.85,2024-06-05,General,3,257,High,1,1,1,0,0,0,0,0
APP0563,Female,94.6,42.8,2024-07-30,General,3,465,High,0,1,0,0,0,0,0,0
APP0564,Male,78.63,48.69,2024-08-27,SC,3,37,Middle,0,1,1,0,0,0,0,0
APP0565,Female,74.23,64.93,2024-07-08,OBC,1,365,High,1,1,1,1,0,0,0,1
APP0566,Female,78.86,66.33,2024-08-14,OBC,3,36,High,1,1,1,0,0,0,0,0
APP0567,Female,94.36,66.8,2024-07-03,OBC,3,153,Middle,1,1,1,0,0,0,0,0
APP0568,Male,72.07,74.46,2024-07-04,OBC,2,102,High,0,1,1,0,0,0,0,0
APP0569,Female,89.27,41.59,2024-07-20,OBC,3,235,High,0,1,0,0,0,0,0,0
APP0570,Female,82.17,70.52,2024-06-07,SC,1,36,Low,1,1,1,0,0,0,0,0
APP0571,Female,71.43,80.64,2024-07-31,SC,1,281,Middle,0,1,0,0,0,0,0,0
APP0572,Female,73.2,61.88,2024-08-26,SC,3,359,Low,0,0,0,0,0,0,0,0
APP0573,Female,72.92,60.23,2024-07-26,SC,2,148,Middle,0,1,1,0,0,0,0,0
APP0574,Male,61.84,38.4,2024-08-06,SC,3,363,Low,1,1,0,0,0,0,0,0
APP0575,Male,94.13,47.3,2024-06-02,ST,1,278,Low,1,1,1,0,1,0,0,1
APP0576,Male,63.1,27.7,2024-06-08,OBC,3,336,Low,0,1,0,0,0,0,0,0
APP0577,Female,67.33,40.15,2024-08-24,OBC,1,366,Low,1,1,1,1,0,0,0,1
APP0578,Female,94.7,75.15,2024-07-06,ST,3,472,High,1,1,1,0,1,0,0,1
APP0579,Female,66.74,93.79,2024-07-13,General,2,499,Middle,0,1,1,0,0,0,0,0
APP0580,Male,86.78,55.13,2024-08-09,ST,1,324,High,0,0,0,0,0,0,0,0
APP0581,Female,45.01,94.36,2024-06-14,General,1,46,High,1,1,1,0,0,1,0,1
APP0582,Male,58.33,35.32,2024-08-25,ST,2,87,High,1,0,0,0,0,0,0,0
APP0583,Male,87.27,96.6,2024-08-05,ST,2,233,Middle,0,1,1,0,0,0,0,0
APP0584,Female,91.61,68.46,2024-07-13,SC,2,38,High,0,1,0,0,0,0,0,0
APP0585,Female,82.14,72.8,2024-06-11,ST,2,341,Low,0,1,0,0,0,0,0,0
APP0586,Male,84.11,64.22,2024-07-09,ST,1,332,High,1,1,0,0,0,0,0,0
APP0587,Female,76.25,59.06,2024-06-25,OBC,1,108,Low,0,1,1,0,0,0,0,0
APP0588,Female,65.95,55.79,2024-06-03,General,2,38,Middle,0,1,1,0,0,0,0,0
APP0589,Male,54.68,58.52,2024-08-14,OBC,1,28,High,0,1,1,0,0,0,0,0
APP0590,Male,63.14,43.45,2024-06-23,General,2,430,Low,1,1,0,0,0,0,0,0
APP0591,Male,77.16,80.88,2024-06-14,General,2,314,High,0,1,1,0,0,0,0,0
APP0592,Male,86.02,36.44,2024-08-27,OBC,2,438,Low,0,1,1,1,0,0,0,1
APP0593,Male,63.12,74.11,2024-07-24,OBC,3,199,High,0,1,0,0,0,0,0,0
APP0594,Male,63.21,56.63,2024-06-18,General,3,323,Middle,0,1,1,1,0,0,0,1
APP0595,Male,81.6,45.47,2024-06-12,SC,2,365,Middle,0,1,0,0,0,0,0,0
APP0596,Female,76.26,39.99,2024-07-23,OBC,1,322,High,0,1,0,0,0,0,0,0
APP0597,Male,67.78,64.8,2024-08-20,SC,2,224,Low,0,1,0,0,0,0,0,0
APP0598,Male,55.88,66.61,2024-08-19,SC,3,269,Low,1,0,0,0,0,0,0,0
APP0599,Male,74.76,68.29,2024-07-06,General,1,67,Low,1,1,1,0,1,0,0,1
APP0600,Female,77.69,80.46,2024-07-07,OBC,2,138,Middle,1,1,1,0,0,0,0,0
APP0601,Male,76.5,53.56,2024-06-10,OBC,3,237,High,1,1,0,0,0,0,0,0
APP0602,Female,76.47,68.15,2024-06-30,General,2,126,Low,0,0,0,0,0,0,0,0
APP0603,Male,75.59,60.61,2024-07-19,OBC,1,251,High,1,1,1,0,0,0,0,0
APP0604,Female,66.58,50.06,2024-06-25,SC,2,113,Middle,0,1,1,0,0,0,0,0
APP0605,Female,58.17,86.24,2024-06-29,SC,3,90,High,0,1,1,0,0,0,0,0
APP0606,Male,60.07,49.61,2024-08-15,ST,2,152,Low,1,0,0,0,0,0,0,0
APP0607,Male,66.38,73.42,2024-07-02,SC,2,306,Low,0,0,0,0,0,0,0,0
APP0608,Male,71.46,78.72,2024-07-24,General,1,250,High,0,1,1,0,0,0,0,0
APP0609,Male,66.92,64.18,2024-08-11,General,3,384,Middle,0,1,1,0,1,0,0,1
APP0610,Female,64.98,92.18,2024-08-25,SC,1,370,Middle,0,0,0,0,0,0,0,0
APP0611,Female,60.75,64.65,2024-06-18,ST,1,414,Middle,1,1,1,0,0,0,0,0
APP0612,Female,82.61,66.21,2024-07-25,SC,3,494,High,0,0,0,0,0,0,0,0
APP0613,Male,72.78,58.05,2024-08-19,SC,3,487,Low,1,0,0,0,0,0,0,0
APP0614,Male,75.53,57.79,2024-07-20,SC,2,326,Low,1,1,1,0,0,0,0,0
APP0615,Female,86.57,93.16,2024-07-01,General,3,254,High,0,1,0,0,0,0,0,0
APP0616,Female,68.31,39.45,2024-07-16,SC,3,358,Middle,1,1,1,0,0,0,0,0
APP0617,Female,73.94,98.7,2024-07-28,SC,3,494,High,0,1,0,0,0,0,0,0
APP0618,Male,65.36,84.59,2024-06-11,ST,1,157,Low,0,1,1,0,0,0,0,0
APP0619,Male,95.13,51.7,2024-07-08,ST,3,287,Low,1,1,1,0,0,0,0,0
APP0620,Male,81.83,84.43,2024-08-06,SC,2,306,Middle,1,1,1,0,0,0,0,0
APP0621,Female,70.45,56.95,2024-06-22,SC,1,257,Middle,1,1,1,0,0,0,0,0
APP0622,Female,68.02,44.78,2024-06-24,OBC,3,364,High,0,1,1,0,0,0,0,0
APP0623,Male,67.21,41.64,2024-08-11,General,3,172,Middle,0,1,1,0,0,0,0,0
APP0624,Female,75.41,48.45,2024-06-19,ST,2,89,Low,1,1,1,0,0,0,0,0
APP0625,Male,77.81,36.66,2024-08-12,ST,2,362,Low,1,0,0,0,0,0,0,0
APP0626,Male,78.97,72.5,2024-08-26,General,2,22,Middle,0,1,1,0,0,0,0,0
APP0627,Female,51.08,65.61,2024-06-26,General,1,285,Middle,0,0,0,0,0,0,0,0
APP0628,Female,89.73,41.86,2024-06-25,ST,2,318,High,0,0,0,0,0,0,0,0
APP0629,Female,95.07,66.29,2024-07-21,OBC,3,447,Middle,1,1,1,0,0,0,0,0
APP0630,Male,66.54,59.16,2024-07-27,ST,2,157,Low,1,1,1,0,0,0,0,0
APP0631,Female,81.7,61.14,2024-06-09,ST,1,13,Middle,1,1,1,0,0,0,0,0
APP0632,Female,81.47,46.19,2024-07-08,ST,1,431,Middle,1,1,1,0,0,0,0,0
APP0633,Female,77.03,38.79,2024-06-16,SC,2,101,Middle,0,1,0,0,0,0,0,0
APP0634,Female,73.67,46.44,2024-06-09,SC,3,256,High,1,0,0,0,0,0,0,0
APP0635,Female,66.17,78.54,2024-08-28,General,2,272,High,0,0,0,0,0,0,0,0
APP0636,Male,88.1,69.14,2024-08-14,General,1,173,Middle,0,1,1,0,0,0,0,0
APP0637,Female,61.89,55.25,2024-08-07,General,3,109,High,0,0,0,0,0,0,0,0
APP0638,Male,89.56,62.13,2024-08-09,SC,2,433,High,1,1,1,0,0,0,0,0
APP0639,Male,100.0,65.9,2024-08-06,SC,2,408,Middle,1,1,0,0,0,0,0,0
APP0640,Male,77.3,55.36,2024-06-28,OBC,3,123,Low,0,1,0,0,0,0,0,0
APP0641,Male,76.6,57.71,2024-06-17,General,2,188,Middle,1,1,1,0,0,0,0,0
APP0642,Female,83.5,74.35,2024-06-04,General,1,75,High,0,1,1,0,0,0,0,0
APP0643,Male,65.57,40.03,2024-06-10,General,2,397,Middle,0,1,1,0,0,0,0,0
APP0644,Male,52.97,67.62,2024-06-09,SC,3,15,Low,0,0,0,0,0,0,0,0
APP0645,Male,61.76,27.71,2024-08-15,OBC,1,353,Middle,0,1,0,0,0,0,0,0
APP0646,Female,79.66,97.39,2024-08-14,SC,2,92,High,0,1,1,0,0,0,0,0
APP0647,Female,74.93,72.58,2024-06-22,General,3,60,Low,1,1,1,0,0,0,0,0
APP0648,Female,75.98,58.52,2024-07-25,OBC,3,126,Middle,0,0,0,0,0,0,0,0
APP0649,Female,86.03,55.65,2024-06-16,ST,1,276,Low,1,1,1,0,1,0,0,1
APP0650,Female,78.21,64.83,2024-08-03,General,2,155,Middle,1,1,0,0,0,0,0,0
APP0651,Male,66.98,74.88,2024-08-10,ST,2,447,Middle,0,0,0,0,0,0,0,0
APP0652,Female,72.9,48.66,2024-08-26,SC,1,16,High,1,1,1,0,0,0,0,0
APP0653,Male,81.44,46.52,2024-06-22,General,2,111,Middle,0,1,0,0,0,0,0,0
APP0654,Male,75.34,59.86,2024-06-30,ST,3,265,Middle,1,1,0,0,0,0,0,0
APP0655,Female,88.03,67.12,2024-07-16,ST,3,318,Middle,1,1,1,0,0,0,0,0
APP0656,Male,74.7,72.27,2024-06-04,General,3,37,Low,1,1,0,0,0,0,0,0
APP0657,Female,91.68,68.37,2024-08-17,SC,1,165,High,0,1,1,0,0,0,0,0
APP0658,Female,75.12,40.32,2024-08-02,SC,3,185,High,0,0,0,0,0,0,0,0
APP0659,Male,62.22,55.42,2024-07-26,General,2,240,Middle,1,1,1,0,0,0,0,0
APP0660,Male,67.69,57.2,2024-08-02,ST,1,169,High,1,1,1,0,0,0,0,0
APP0661,Female,75.68,67.95,2024-08-11,OBC,3,38,Middle,1,1,0,0,0,0,0,0
APP0662,Female,74.15,67.3,2024-07-07,SC,1,24,High,0,1,1,0,0,0,0,0
APP0663,Female,75.77,30.37,2024-06-13,ST,2,192,Middle,1,1,1,0,0,0,0,0
APP0664,Female,63.73,57.84,2024-06-15,SC,1,20,High,1,1,1,0,0,0,1,1
APP0665,Female,60.48,69.0,2024-08-15,General,2,203,High,1,1,1,0,0,0,0,0
APP0666,Female,93.37,78.28,2024-06-22,SC,2,233,Low,1,1,0,0,0,0,0,0
APP0667,Male,72.44,82.36,2024-08-08,OBC,2,145,Low,1,0,0,0,0,0,0,0
APP0668,Female,76.78,54.94,2024-06-29,General,3,442,High,0,1,1,0,0,0,0,0
APP0669,Male,67.64,55.46,2024-08-23,SC,3,421,Middle,1,1,1,0,0,0,0,0
APP0670,Male,70.34,62.56,2024-06-03,OBC,3,265,Low,1,1,1,0,0,0,0,0
APP0671,Male,76.93,60.05,2024-08-06,OBC,2,246,Low,0,1,0,0,0,0,0,0
APP0672,Female,80.24,77.86,2024-07-26,ST,2,450,Low,0,0,0,0,0,0,0,0
APP0673,Female,86.39,37.73,2024-07-07,OBC,2,361,High,0,1,1,0,0,0,0,0
APP0674,Female,44.35,74.01,2024-07-25,General,1,91,Middle,0,1,0,0,0,0,0,0
APP0675,Female,58.6,56.63,2024-08-24,OBC,3,446,Low,1,0,0,0,0,0,0,0
APP0676,Male,60.96,32.97,2024-06-11,SC,3,162,Low,1,0,0,0,0,0,0,0
APP0677,Male,81.5,71.39,2024-07-21,OBC,1,67,High,0,1,0,0,0,0,0,0
APP0678,Female,68.08,21.13,2024-08-03,General,1,317,Low,1,1,1,0,0,0,0,0
APP0679,Male,68.45,65.88,2024-06-14,OBC,1,150,Middle,1,1,1,0,0,0,0,0
APP0680,Female,57.25,62.75,2024-07-31,OBC,2,460,Low,1,1,1,0,0,0,1,1
APP0681,Male,74.82,68.69,2024-08-28,OBC,2,292,Middle,1,1,1,0,0,0,0,0
APP0682,Female,76.43,45.4,2024-07-20,General,2,484,Middle,1,1,0,0,0,0,0,0
APP0683,Male,89.36,57.62,2024-07-09,OBC,1,478,Middle,1,1,1,0,1,0,0,1
APP0684,Male,74.67,46.0,2024-08-02,ST,3,221,Middle,1,0,0,0,0,0,0,0
APP0685,Male,69.68,46.73,2024-06-21,SC,3,43,Middle,1,1,0,0,0,0,0,0
APP0686,Female,72.92,85.68,2024-07-29,General,1,338,High,0,1,0,0,0,0,0,0
APP0687,Male,58.54,35.8,2024-06-01,ST,1,331,Middle,1,1,1,0,0,0,0,0
APP0688,Male,92.65,56.86,2024-08-16,ST,2,241,Middle,0,1,0,0,0,0,0,0
APP0689,Female,66.97,75.6,2024-07-07,OBC,1,222,Middle,0,1,1,0,0,1,0,1
APP0690,Male,67.73,87.39,2024-08-11,OBC,1,246,Low,1,1,1,0,0,0,0,0
APP0691,Female,83.14,52.68,2024-06-22,General,1,377,High,1,1,0,0,0,0,0,0
APP0692,Female,100.0,50.91,2024-06-16,OBC,3,114,Low,1,1,1,0,0,0,0,0
APP0693,Female,83.91,64.49,2024-08-26,OBC,2,102,Middle,0,1,0,0,0,0,0,0
APP0694,Male,90.62,83.42,2024-08-19,ST,1,199,High,1,1,1,0,0,0,0,0
APP0695,Female,75.38,48.7,2024-08-30,ST,3,315,Middle,0,1,1,0,0,0,0,0
APP0696,Male,80.52,49.83,2024-06-01,SC,3,327,Middle,1,0,0,0,0,0,0,0
APP0697,Female,99.16,62.05,2024-06-17,General,3,101,Middle,0,1,0,0,0,0,0,0
APP0698,Female,70.62,62.77,2024-06-17,General,2,373,High,1,1,1,1,0,0,0,1
APP0699,Male,58.83,45.43,2024-08-03,SC,3,194,Middle,1,0,0,0,0,0,0,0
APP0700,Female,89.4,50.15,2024-08-18,SC,3,170,Middle,0,1,0,0,0,0,0,0
APP0701,Male,62.44,68.05,2024-08-11,ST,1,106,Low,0,1,1,0,0,0,0,0
APP0702,Female,89.23,70.78,2024-06-06,ST,2,373,High,1,1,1,0,0,0,0,0
APP0703,Female,86.95,48.65,2024-06-24,OBC,3,270,Middle,0,1,0,0,0,0,0,0
APP0704,Male,57.94,82.52,2024-07-24,General,1,403,Middle,0,0,0,0,0,0,0,0
APP0705,Male,71.13,56.24,2024-07-07,General,2,201,High,0,0,0,0,0,0,0,0
APP0706,Male,90.94,68.34,2024-06-04,General,2,435,High,1,1,0,0,0,0,0,0
APP0707,Male,80.47,92.48,2024-07-13,General,3,328,Middle,1,0,0,0,0,0,0,0
APP0708,Male,67.28,73.92,2024-06-28,General,3,154,Middle,0,0,0,0,0,0,0,0
APP0709,Female,75.68,64.03,2024-06-12,ST,2,101,Low,1,1,0,0,0,0,0,0
APP0710,Male,93.34,67.62,2024-07-20,ST,2,341,High,0,1,1,0,0,0,0,0
APP0711,Male,81.46,76.09,2024-07-16,General,2,272,Low,1,1,1,0,0,0,0,0
APP0712,Female,70.62,47.41,2024-08-18,OBC,2,332,Middle,0,1,1,0,0,0,0,0
APP0713,Female,62.46,30.5,2024-08-07,General,2,249,Middle,0,0,0,0,0,0,0,0
APP0714,Female,99.67,43.45,2024-07-09,OBC,1,360,Middle,0,1,1,1,0,0,0,1
APP0715,Male,72.34,55.85,2024-06-06,General,3,227,Middle,0,1,0,0,0,0,0,0
APP0716,Female,78.69,72.24,2024-07-16,SC,3,51,High,0,1,1,0,0,0,0,0
APP0717,Female,85.33,51.25,2024-07-11,ST,3,240,High,1,1,0,0,0,0,0,0
APP0718,Male,72.99,64.24,2024-06-28,OBC,1,392,High,1,1,1,0,1,0,0,1
APP0719,Male,72.02,84.11,2024-06-02,OBC,3,254,Middle,1,0,0,0,0,0,0,0
APP0720,Female,80.89,71.02,2024-07-09,SC,3,354,High,1,1,1,0,0,0,0,0
APP0721,Male,82.95,77.6,2024-06-04,OBC,2,342,Low,0,1,1,0,0,0,0,0
APP0722,Female,77.17,40.55,2024-07-25,General,1,95,Low,1,0,0,0,0,0,0,0
APP0723,Female,79.8,50.23,2024-06-03,ST,3,134,Low,1,1,0,0,0,0,0,0
APP0724,Male,68.66,68.8,2024-07-13,General,1,332,High,1,0,0,0,0,0,0,0
APP0725,Female,89.86,60.32,2024-08-14,SC,1,259,Middle,1,1,1,0,0,0,0,0
APP0726,Male,78.71,85.53,2024-08-07,General,2,305,Middle,0,1,1,0,0,0,0,0
APP0727,Female,77.89,99.03,2024-08-29,ST,1,92,Middle,0,1,1,0,0,0,0,0
APP0728,Female,81.79,33.59,2024-06-17,SC,3,374,Middle,1,0,0,0,0,0,0,0
APP0729,Female,84.04,65.72,2024-07-31,OBC,3,116,Middle,0,1,1,0,0,0,0,0
APP0730,Female,90.48,70.1,2024-07-09,OBC,1,295,Low,0,1,1,0,0,0,0,0
APP0731,Male,73.34,41.64,2024-07-14,ST,1,326,Low,0,1,1,0,0,0,0,0
APP0732,Female,72.49,47.24,2024-06-20,General,3,35,Middle,1,0,0,0,0,0,0,0
APP0733,Male,68.03,68.83,2024-06-14,General,3,31,High,0,1,1,0,0,0,0,0
APP0734,Female,95.04,65.92,2024-06-13,OBC,3,196,Middle,0,1,1,0,0,1,0,1
APP0735,Female,60.65,66.67,2024-07-14,SC,3,97,Low,1,1,1,0,0,0,0,0
APP0736,Female,89.36,50.85,2024-06-30,OBC,2,221,Middle,1,0,0,0,0,0,0,0
APP0737,Female,73.39,60.22,2024-06-04,ST,1,404,Low,0,1,1,0,0,1,0,1
APP0738,Male,65.58,69.72,2024-08-24,OBC,3,39,High,1,1,0,0,0,0,0,0
APP0739,Female,73.55,66.29,2024-07-11,SC,1,433,Middle,0,1,1,0,0,0,0,0
APP0740,Female,64.35,53.44,2024-08-23,ST,1,461,Middle,0,1,1,0,0,0,0,0
APP0741,Female,83.67,54.41,2024-06-28,General,3,292,Middle,1,1,1,1,0,0,0,1
APP0742,Female,95.72,54.01,2024-07-01,SC,3,226,High,0,1,0,0,0,0,0,0
APP0743,Female,77.7,73.99,2024-08-20,SC,1,34,High,0,1,1,1,0,0,0,1
APP0744,Female,57.98,33.59,2024-07-01,OBC,2,163,Middle,0,0,0,0,0,0,0,0
APP0745,Male,56.69,78.94,2024-06-14,SC,3,308,Low,1,1,1,0,0,1,0,1
APP0746,Female,68.38,98.37,2024-06-17,ST,1,238,Low,1,1,1,0,0,0,0,0
APP0747,Female,68.23,62.77,2024-07-27,ST,3,223,Low,0,1,1,0,0,0,0,0
APP0748,Male,93.51,90.09,2024-07-29,ST,1,392,Low,1,1,1,0,0,0,0,0
APP0749,Male,99.74,78.13,2024-06-16,SC,2,201,Middle,1,1,1,0,0,0,0,0
APP0750,Female,87.29,68.89,2024-06-28,OBC,3,260,Low,0,1,1,1,0,0,0,1
APP0751,Female,84.34,51.73,2024-08-13,SC,3,241,Middle,1,1,1,0,0,0,0,0
APP0752,Female,65.18,59.95,2024-08-25,ST,1,453,High,1,1,1,0,0,0,0,0
APP0753,Male,72.96,53.2,2024-08-25,ST,3,152,High,0,0,0,0,0,0,0,0
APP0754,Male,83.36,74.33,2024-08-13,SC,3,340,Low,0,1,1,0,1,0,0,1
APP0755,Male,76.06,82.16,2024-07-31,General,1,347,High,0,0,0,0,0,0,0,0
APP0756,Female,61.3,57.1,2024-06-27,OBC,3,439,High,1,1,1,0,0,0,0,0
APP0757,Female,66.4,32.0,2024-07-26,OBC,2,22,High,1,1,1,0,0,0,0,0
APP0758,Male,74.01,58.17,2024-06-20,SC,2,357,Low,0,1,1,1,0,0,0,1
APP0759,Male,93.16,69.46,2024-07-09,ST,1,173,Low,1,1,1,0,0,0,0,0
APP0760,Male,62.71,87.81,2024-08-03,ST,1,147,Low,1,1,1,0,0,0,0,0
APP0761,Female,89.65,68.73,2024-08-10,General,1,400,High,0,1,1,1,0,0,0,1
APP0762,Male,72.28,45.61,2024-06-19,SC,3,96,Low,1,0,0,0,0,0,0,0
APP0763,Female,70.53,76.33,2024-06-06,General,2,434,High,1,1,1,1,0,0,0,1
APP0764,Female,97.62,83.15,2024-07-05,SC,3,204,Middle,0,1,1,0,0,0,0,0
APP0765,Female,69.13,43.21,2024-08-29,General,1,381,High,1,0,0,0,0,0,0,0
APP0766,Male,76.69,33.47,2024-08-18,SC,3,494,Middle,1,0,0,0,0,0,0,0
APP0767,Female,78.88,57.79,2024-07-05,OBC,3,174,Middle,0,1,1,1,0,0,0,1
APP0768,Male,69.41,36.08,2024-08-22,General,3,253,Low,0,0,0,0,0,0,0,0
APP0769,Female,81.16,52.01,2024-08-11,ST,2,285,Low,0,1,0,0,0,0,0,0
APP0770,Female,60.96,16.92,2024-08-26,General,2,426,Middle,1,1,0,0,0,0,0,0
APP0771,Male,74.67,86.58,2024-06-16,ST,2,489,Low,1,1,1,0,0,0,0,0
APP0772,Female,94.94,53.14,2024-06-29,OBC,2,195,Low,1,1,1,0,1,0,0,1
APP0773,Female,67.77,67.03,2024-06-15,SC,3,266,Middle,0,1,0,0,0,0,0,0
APP0774,Male,63.02,64.53,2024-06-09,OBC,3,43,Low,1,0,0,0,0,0,0,0
APP0775,Male,84.19,78.4,2024-08-06,SC,1,444,High,0,0,0,0,0,0,0,0
APP0776,Female,73.8,56.94,2024-08-27,ST,1,490,Middle,0,0,0,0,0,0,0,0
APP0777,Female,64.46,47.6,2024-07-26,ST,2,72,High,1,1,1,1,0,0,0,1
APP0778,Male,72.28,65.51,2024-06-07,SC,2,282,Middle,1,1,1,0,0,1,0,1
APP0779,Male,85.96,47.95,2024-08-28,ST,1,479,Low,0,1,1,0,1,0,0,1
APP0780,Female,92.91,55.93,2024-07-26,General,3,418,High,1,0,0,0,0,0,0,0
APP0781,Male,74.74,48.79,2024-06-14,ST,1,500,Middle,0,0,0,0,0,0,0,0
APP0782,Male,45.91,73.26,2024-06-10,ST,1,330,Middle,0,1,1,1,0,0,0,1
APP0783,Female,83.84,55.78,2024-08-28,General,1,41,Middle,0,1,1,0,0,0,0,0
APP0784,Female,75.8,67.74,2024-07-22,General,3,395,Middle,0,0,0,0,0,0,0,0
APP0785,Male,56.25,52.06,2024-07-29,ST,2,417,Middle,0,1,0,0,0,0,0,0
APP0786,Male,84.53,41.19,2024-07-29,SC,3,108,Low,0,1,0,0,0,0,0,0
APP0787,Male,78.52,39.65,2024-08-13,OBC,3,270,Middle,1,1,0,0,0,0,0,0
APP0788,Female,80.6,59.47,2024-06-24,OBC,1,418,Low,0,1,1,0,0,0,0,0
APP0789,Male,55.62,77.47,2024-06-19,ST,2,318,Middle,1,1,1,0,0,1,0,1
APP0790,Male,66.18,47.85,2024-07-25,SC,1,112,High,0,0,0,0,0,0,0,0
APP0791,Female,77.41,77.23,2024-06-25,ST,3,364,Middle,1,0,0,0,0,0,0,0
APP0792,Female,62.81,60.93,2024-08-18,SC,2,178,Low,0,1,0,0,0,0,0,0
APP0793,Male,80.15,70.4,2024-08-03,OBC,1,337,Low,0,1,1,0,0,0,0,0
APP0794,Female,77.12,54.49,2024-06-27,ST,1,432,Low,1,1,1,0,0,0,0,0
APP0795,Female,65.07,61.29,2024-06-06,General,1,111,Middle,0,1,1,0,0,0,0,0
APP0796,Male,62.13,16.18,2024-07-04,General,1,435,High,0,1,0,0,0,0,0,0
APP0797,Male,80.24,73.56,2024-07-14,OBC,2,243,Low,1,1,1,0,0,0,0,0
APP0798,Male,46.64,44.85,2024-06-16,OBC,1,416,Low,0,1,0,0,0,0,0,0
APP0799,Female,82.43,90.86,2024-08-16,ST,3,135,Low,0,0,0,0,0,0,0,0
APP0800,Female,75.25,49.08,2024-06-20,SC,1,37,High,1,0,0,0,0,0,0,0
APP0801,Female,72.81,80.62,2024-06-27,General,2,414,High,0,1,1,0,0,0,0,0
APP0802,Male,67.25,48.01,2024-07-12,SC,3,365,Middle,1,1,1,0,0,0,0,0
APP0803,Male,69.21,45.7,2024-07-28,OBC,2,121,Middle,1,0,0,0,0,0,0,0
APP0804,Male,76.47,84.37,2024-07-18,SC,3,53,Low,0,1,1,0,1,0,0,1
APP0805,Female,78.88,56.21,2024-07-25,ST,2,231,Middle,1,0,0,0,0,0,0,0
APP0806,Female,71.5,36.55,2024-07-05,ST,1,101,Middle,0,1,1,0,0,0,0,0
APP0807,Male,85.6,58.83,2024-07-06,OBC,1,70,Low,1,1,1,0,0,0,0,0
APP0808,Female,72.83,100.0,2024-06-25,OBC,3,388,High,1,1,1,0,0,0,0,0
APP0809,Male,78.59,48.72,2024-07-31,OBC,2,126,Low,0,1,1,0,0,0,0,0
APP0810,Male,69.88,77.23,2024-07-11,OBC,2,404,High,1,1,1,0,0,0,0,0
APP0811,Male,76.36,38.43,2024-08-03,SC,2,125,Middle,1,1,1,0,0,0,1,1
APP0812,Male,86.03,49.98,2024-06-18,OBC,2,300,High,1,0,0,0,0,0,0,0
APP0813,Male,97.48,76.2,2024-07-21,General,3,207,Low,1,1,1,0,0,0,0,0
APP0814,Male,69.63,79.22,2024-06-05,ST,1,105,Low,0,0,0,0,0,0,0,0
APP0815,Female,75.81,72.79,2024-07-07,OBC,1,159,High,0,1,1,1,0,0,0,1
APP0816,Female,80.82,47.3,2024-07-23,ST,1,66,Low,1,1,1,0,0,0,0,0
APP0817,Female,67.28,75.45,2024-08-30,ST,1,319,High,1,1,1,0,0,1,0,1
APP0818,Male,70.98,53.95,2024-07-28,General,2,319,Low,1,0,0,0,0,0,0,0
APP0819,Female,63.54,66.35,2024-07-29,ST,3,30,High,0,1,0,0,0,0,0,0
APP0820,Female,99.75,43.99,2024-07-15,SC,2,323,Low,1,1,0,0,0,0,0,0
APP0821,Female,75.29,81.18,2024-07-29,ST,3,103,High,0,1,0,0,0,0,0,0
APP0822,Male,74.04,66.79,2024-06-21,SC,3,285,Middle,0,0,0,0,0,0,0,0
APP0823,Male,62.25,66.42,2024-08-03,ST,3,72,Middle,0,0,0,0,0,0,0,0
APP0824,Female,72.75,74.79,2024-07-23,ST,1,139,Low,0,1,1,0,0,0,0,0
APP0825,Male,89.25,98.84,2024-07-21,General,1,138,Low,0,1,1,0,0,0,0,0
APP0826,Female,81.96,64.89,2024-06-18,ST,2,440,Low,0,0,0,0,0,0,0,0
APP0827,Male,77.33,54.7,2024-06-23,SC,1,283,High,1,1,1,1,0,0,0,1
APP0828,Female,79.06,55.57,2024-06-20,ST,2,101,Low,0,0,0,0,0,0,0,0
APP0829,Male,77.02,79.76,2024-07-27,General,3,425,High,0,1,1,1,0,0,0,1
APP0830,Male,62.92,77.1,2024-06-07,ST,1,485,Low,1,0,0,0,0,0,0,0
APP0831,Male,90.81,58.23,2024-06-12,General,2,24,Low,1,1,1,1,0,0,0,1
APP0832,Male,49.54,50.88,2024-08-25,OBC,3,95,Low,1,1,0,0,0,0,0,0
APP0833,Female,90.56,59.66,2024-08-11,OBC,3,116,High,1,0,0,0,0,0,0,0
APP0834,Male,63.01,52.43,2024-06-30,OBC,1,192,Middle,0,1,1,1,0,0,0,1
APP0835,Male,85.09,68.2,2024-07-29,OBC,1,346,Middle,1,1,1,0,0,0,0,0
APP0836,Male,72.13,54.5,2024-07-03,General,3,176,High,1,1,0,0,0,0,0,0
APP0837,Male,70.3,46.16,2024-07-13,OBC,3,399,High,1,0,0,0,0,0,0,0
APP0838,Female,94.38,55.17,2024-06-09,SC,1,321,High,1,1,1,0,0,0,0,0
APP0839,Male,89.61,82.82,2024-07-10,OBC,3,229,Low,0,1,1,0,0,0,0,0
APP0840,Female,86.98,53.53,2024-07-13,OBC,2,172,High,0,1,0,0,0,0,0,0
APP0841,Female,79.84,59.64,2024-06-04,OBC,3,179,Middle,0,1,1,0,0,0,0,0
APP0842,Male,64.16,64.87,2024-08-17,ST,3,174,Low,1,1,1,0,0,1,0,1
APP0843,Male,60.85,77.82,2024-06-27,OBC,1,98,High,0,1,1,0,0,0,0,0
APP0844,Male,69.42,63.02,2024-08-17,OBC,2,156,High,1,0,0,0,0,0,0,0
APP0845,Male,78.4,56.12,2024-07-05,ST,1,496,Middle,1,1,1,0,0,0,0,0
APP0846,Female,82.04,52.88,2024-06-03,ST,2,447,Low,1,1,1,0,0,0,0,0
APP0847,Female,85.46,39.81,2024-08-11,ST,1,180,Low,1,1,0,0,0,0,0,0
APP0848,Male,76.52,89.08,2024-06-02,SC,2,217,Middle,1,0,0,0,0,0,0,0
APP0849,Female,63.0,49.83,2024-07-20,ST,2,338,High,0,1,1,0,0,0,0,0
APP0850,Female,81.17,62.69,2024-07-03,SC,3,373,Middle,1,1,1,0,0,0,1,1
APP0851,Female,79.21,67.34,2024-08-20,General,3,350,High,0,1,1,0,0,0,0,0
APP0852,Male,82.62,76.65,2024-06-02,General,1,339,High,1,1,1,0,0,0,0,0
APP0853,Female,79.92,56.38,2024-07-03,SC,3,282,High,1,1,1,0,0,0,0,0
APP0854,Female,83.07,88.5,2024-06-19,SC,3,117,High,1,1,1,0,0,0,0,0
APP0855,Female,73.41,45.38,2024-08-07,ST,3,157,High,1,1,1,0,0,0,0,0
APP0856,Female,88.28,58.19,2024-08-12,OBC,1,112,Low,0,1,1,0,0,0,0,0
APP0857,Male,48.93,72.71,2024-08-21,OBC,1,160,Low,1,1,1,1,0,0,0,1
APP0858,Male,68.58,58.64,2024-08-01,ST,3,399,Low,0,1,0,0,0,0,0,0
APP0859,Male,78.98,62.86,2024-08-25,General,1,118,High,0,1,1,0,0,0,0,0
APP0860,Female,83.51,53.47,2024-07-14,SC,3,465,Middle,1,0,0,0,0,0,0,0
APP0861,Female,81.16,56.11,2024-08-25,ST,2,322,Low,1,0,0,0,0,0,0,0
APP0862,Male,83.87,69.23,2024-06-01,ST,3,215,High,0,1,1,0,0,0,0,0
APP0863,Female,63.77,76.29,2024-08-19,ST,3,221,High,0,1,0,0,0,0,0,0
APP0864,Female,68.57,72.12,2024-06-03,SC,1,423,High,1,1,1,0,0,0,0,0
APP0865,Female,79.41,87.57,2024-08-24,General,3,207,Middle,0,1,0,0,0,0,0,0
APP0866,Male,72.32,54.76,2024-06-17,ST,1,164,High,1,1,1,0,0,0,0,0
APP0867,Male,74.77,55.45,2024-06-14,ST,3,24,Low,1,0,0,0,0,0,0,0
APP0868,Female,84.6,35.76,2024-06-29,SC,3,253,High,0,0,0,0,0,0,0,0
APP0869,Female,62.36,43.98,2024-06-12,SC,1,487,High,0,1,1,0,0,0,0,0
APP0870,Female,86.4,85.66,2024-06-30,OBC,2,69,Middle,0,1,1,0,0,0,0,0
APP0871,Male,73.75,57.47,2024-07-11,ST,3,387,Low,1,1,1,0,0,0,0,0
APP0872,Male,75.84,77.43,2024-08-06,OBC,1,212,Low,1,1,1,0,0,0,0,0
APP0873,Female,63.87,63.58,2024-06-19,General,3,173,Middle,0,1,0,0,0,0,0,0
APP0874,Female,86.7,67.52,2024-08-20,OBC,2,159,High,1,1,1,0,0,0,0,0
APP0875,Male,77.27,75.02,2024-08-29,General,1,448,Middle,1,1,1,0,0,1,0,1
APP0876,Female,42.56,70.17,2024-07-14,ST,3,252,Middle,1,1,1,0,0,0,0,0
APP0877,Female,67.15,32.54,2024-06-13,OBC,2,395,High,0,0,0,0,0,0,0,0
APP0878,Female,81.13,80.6,2024-07-29,OBC,3,80,Middle,1,1,1,0,0,0,1,1
APP0879,Male,73.35,74.29,2024-08-26,OBC,2,496,Middle,0,0,0,0,0,0,0,0
APP0880,Male,94.35,79.72,2024-07-16,ST,1,493,Low,0,0,0,0,0,0,0,0
APP0881,Female,94.68,71.13,2024-08-15,ST,1,331,High,1,1,1,0,0,0,0,0
APP0882,Female,75.91,35.97,2024-08-28,General,2,452,High,1,1,1,0,0,1,0,1
APP0883,Female,72.05,47.35,2024-08-22,OBC,1,310,High,1,1,1,0,0,0,0,0
APP0884,Female,100.0,57.36,2024-07-09,OBC,1,176,Low,0,1,1,0,0,0,0,0
APP0885,Male,76.48,68.27,2024-08-06,General,1,347,Low,0,0,0,0,0,0,0,0
APP0886,Male,75.52,85.43,2024-06-01,ST,2,72,Low,0,1,1,0,0,0,0,0
APP0887,Male,67.53,62.92,2024-08-04,SC,2,288,Low,1,0,0,0,0,0,0,0
APP0888,Male,66.09,40.2,2024-07-02,SC,1,494,High,1,1,1,0,0,0,0,0
APP0889,Female,67.66,59.44,2024-08-17,OBC,3,60,High,0,1,1,0,0,0,0,0
APP0890,Male,69.85,49.61,2024-08-15,SC,2,75,High,1,1,1,0,0,0,0,0
APP0891,Female,58.12,58.75,2024-08-26,ST,3,83,High,0,1,0,0,0,0,0,0
APP0892,Male,56.94,71.4,2024-07-18,OBC,2,430,Low,1,0,0,0,0,0,0,0
APP0893,Female,75.99,38.14,2024-07-19,General,3,136,Low,1,1,1,0,1,0,0,1
APP0894,Male,71.29,48.72,2024-07-17,SC,2,84,Low,1,1,1,0,0,0,0,0
APP0895,Male,78.83,80.11,2024-08-07,SC,3,430,Middle,0,1,0,0,0,0,0,0
APP0896,Female,52.5,61.73,2024-08-10,SC,3,60,Low,0,1,0,0,0,0,0,0
APP0897,Male,73.08,70.07,2024-07-15,ST,2,313,Low,1,1,1,1,0,0,0,1
APP0898,Male,77.56,48.72,2024-06-19,ST,3,386,Middle,0,0,0,0,0,0,0,0
APP0899,Female,71.17,48.06,2024-08-30,OBC,3,321,Middle,1,1,0,0,0,0,0,0
APP0900,Female,87.91,60.32,2024-08-04,SC,2,497,Middle,0,1,0,0,0,0,0,0
APP0901,Female,97.81,59.09,2024-07-23,SC,1,334,Low,0,1,0,0,0,0,0,0
APP0902,Male,66.5,37.29,2024-08-13,General,1,390,Middle,1,0,0,0,0,0,0,0
APP0903,Male,53.36,36.24,2024-07-25,OBC,2,264,High,0,1,0,0,0,0,0,0
APP0904,Male,78.21,67.63,2024-07-25,SC,1,388,High,0,1,0,0,0,0,0,0
APP0905,Male,56.03,73.43,2024-06-23,General,2,439,Low,1,0,0,0,0,0,0,0
APP0906,Female,69.2,62.2,2024-08-03,ST,1,201,Low,1,0,0,0,0,0,0,0
APP0907,Male,94.35,73.45,2024-08-09,General,2,163,Middle,1,1,1,0,0,0,0,0
APP0908,Male,71.78,46.63,2024-07-30,ST,1,192,Low,1,1,1,1,0,0,0,1
APP0909,Male,49.18,49.21,2024-07-22,SC,1,61,Middle,1,1,1,0,0,0,1,1
APP0910,Female,72.47,45.19,2024-06-29,ST,2,201,Middle,1,1,1,0,0,0,0,0
APP0911,Male,73.42,61.15,2024-06-18,SC,3,232,Low,1,0,0,0,0,0,0,0
APP0912,Male,72.3,50.25,2024-06-15,OBC,2,30,Low,1,1,1,1,0,0,0,1
APP0913,Male,77.02,66.63,2024-08-01,SC,1,225,Middle,1,1,1,0,0,0,0,0
APP0914,Female,61.92,81.16,2024-06-17,General,1,415,Low,0,1,1,0,0,0,0,0
APP0915,Male,73.82,60.28,2024-07-26,ST,2,154,Middle,0,0,0,0,0,0,0,0
APP0916,Male,83.5,63.5,2024-08-19,OBC,3,271,Low,0,1,1,0,0,0,0,0
APP0917,Female,86.44,64.31,2024-08-30,General,3,383,High,0,1,0,0,0,0,0,0
APP0918,Male,67.65,65.42,2024-06-30,General,1,215,Low,1,0,0,0,0,0,0,0
APP0919,Male,61.28,61.63,2024-07-25,General,3,112,Low,0,1,1,0,0,0,0,0
APP0920,Male,74.6,56.88,2024-08-05,ST,3,36,Middle,0,1,1,0,0,0,0,0
APP0921,Male,73.46,31.77,2024-06-01,General,3,391,Middle,0,1,1,0,0,0,0,0
APP0922,Female,68.42,61.39,2024-07-09,General,1,352,Low,0,1,0,0,0,0,0,0
APP0923,Female,76.92,44.58,2024-08-15,SC,1,342,Middle,0,1,1,1,0,0,0,1
APP0924,Male,90.19,47.01,2024-06-06,OBC,1,370,Middle,0,1,1,0,0,0,0,0
APP0925,Male,86.63,66.41,2024-06-06,OBC,1,224,High,1,1,1,0,0,0,0,0
APP0926,Male,67.25,86.63,2024-07-26,General,2,224,High,0,1,1,0,0,0,0,0
APP0927,Male,60.68,73.79,2024-07-21,ST,3,282,High,0,1,0,0,0,0,0,0
APP0928,Female,87.01,49.94,2024-08-11,ST,2,320,Middle,0,1,1,0,0,0,0,0
APP0929,Female,91.71,56.25,2024-08-04,SC,2,446,Low,1,1,1,0,1,0,0,1
APP0930,Male,78.46,63.9,2024-07-08,General,3,85,Middle,0,1,0,0,0,0,0,0
APP0931,Male,73.39,72.16,2024-06-27,General,1,342,Middle,1,1,0,0,0,0,0,0
APP0932,Female,84.52,33.77,2024-06-18,ST,3,160,Middle,0,1,1,0,0,0,0,0
APP0933,Male,90.65,35.06,2024-08-08,General,3,391,High,1,0,0,0,0,0,0,0
APP0934,Female,87.39,76.9,2024-08-20,OBC,2,122,Middle,1,1,1,0,0,0,0,0
APP0935,Female,61.91,53.84,2024-07-18,OBC,2,57,Middle,0,1,0,0,0,0,0,0
APP0936,Male,61.73,56.78,2024-06-25,ST,3,102,High,1,1,1,0,0,0,0,0
APP0937,Male,71.3,71.69,2024-07-25,OBC,2,475,High,1,1,1,0,0,0,0,0
APP0938,Male,90.72,80.94,2024-06-15,General,3,488,Low,0,1,1,0,0,1,0,1
APP0939,Male,68.25,56.86,2024-06-14,SC,3,53,Low,0,1,1,0,0,0,0,0
APP0940,Male,54.8,47.91,2024-08-09,SC,3,288,Low,0,0,0,0,0,0,0,0
APP0941,Male,86.58,84.23,2024-08-09,SC,1,271,Middle,0,1,1,0,0,0,0,0
APP0942,Female,60.19,51.11,2024-08-27,General,2,96,Low,0,1,0,0,0,0,0,0
APP0943,Female,74.68,64.2,2024-06-10,SC,1,194,Low,0,1,1,0,0,0,0,0
APP0944,Female,65.28,66.36,2024-08-19,SC,2,458,Low,1,0,0,0,0,0,0,0
APP0945,Female,69.31,59.78,2024-07-04,General,1,451,Low,0,1,1,0,0,0,1,1
APP0946,Female,81.56,60.1,2024-07-06,OBC,1,175,Low,0,1,1,0,0,0,0,0
APP0947,Female,69.76,58.36,2024-06-18,OBC,2,224,High,1,1,1,0,0,0,0,0
APP0948,Male,73.94,54.45,2024-08-29,General,1,195,Low,0,0,0,0,0,0,0,0
APP0949,Male,71.89,83.98,2024-07-17,ST,1,481,Low,0,0,0,0,0,0,0,0
APP0950,Female,81.73,55.57,2024-06-18,SC,2,83,High,1,1,0,0,0,0,0,0
APP0951,Male,83.36,54.99,2024-06-18,General,3,370,Low,1,1,1,0,1,0,0,1
APP0952,Male,89.08,65.54,2024-08-24,General,2,438,High,0,1,1,1,0,0,0,1
APP0953,Male,73.71,66.72,2024-06-02,ST,1,401,Low,1,1,1,0,0,0,0,0
APP0954,Male,56.15,43.1,2024-07-07,General,1,40,High,0,1,1,0,0,0,0,0
APP0955,Female,60.67,62.14,2024-08-10,SC,3,266,Middle,0,1,1,0,0,0,0,0
APP0956,Male,95.79,93.47,2024-07-22,General,1,210,Low,0,1,1,0,0,0,0,0
APP0957,Female,82.66,67.51,2024-08-22,ST,1,148,Low,0,1,1,0,1,0,0,1
APP0958,Female,53.39,51.86,2024-06-21,General,1,118,High,0,0,0,0,0,0,0,0
APP0959,Female,65.55,50.69,2024-06-25,OBC,3,485,Low,0,1,0,0,0,0,0,0
APP0960,Male,72.98,52.92,2024-08-12,ST,1,34,Middle,0,0,0,0,0,0,0,0
APP0961,Male,51.25,71.22,2024-07-16,SC,2,266,Low,1,0,0,0,0,0,0,0
APP0962,Female,62.13,63.59,2024-06-17,General,2,218,High,0,1,0,0,0,0,0,0
APP0963,Male,99.89,46.21,2024-08-15,ST,2,310,Low,1,1,1,1,0,0,0,1
APP0964,Male,44.64,55.71,2024-06-30,OBC,3,344,Low,0,0,0,0,0,0,0,0
APP0965,Female,88.21,89.38,2024-07-28,OBC,2,158,Middle,1,1,1,0,0,0,0,0
APP0966,Male,60.25,67.45,2024-08-12,ST,1,422,Low,0,0,0,0,0,0,0,0
APP0967,Female,69.42,58.41,2024-08-10,General,2,58,Middle,1,1,1,0,0,0,0,0
APP0968,Female,100.0,37.46,2024-07-04,ST,2,400,Middle,0,0,0,0,0,0,0,0
APP0969,Female,78.04,67.02,2024-06-06,SC,2,215,Middle,0,1,1,0,0,0,0,0
APP0970,Female,88.03,61.47,2024-07-04,General,3,339,Low,0,1,1,0,1,0,0,1
APP0971,Female,78.7,54.13,2024-06-21,ST,1,124,Middle,1,1,1,0,0,0,0,0
APP0972,Male,78.23,54.85,2024-06-14,ST,2,112,Middle,1,1,1,0,0,0,0,0
APP0973,Female,82.46,54.46,2024-06-05,OBC,2,84,High,0,1,1,0,0,0,0,0
APP0974,Female,79.53,59.56,2024-07-31,OBC,1,118,Low,1,1,1,1,0,0,0,1
APP0975,Male,88.51,59.23,2024-07-06,ST,1,162,High,1,1,1,0,0,0,0,0
APP0976,Female,53.72,78.93,2024-07-14,SC,1,111,Middle,1,1,1,0,0,0,0,0
APP0977,Female,64.13,50.19,2024-06-02,OBC,1,380,High,0,1,0,0,0,0,0,0
APP0978,Female,67.85,80.62,2024-06-02,OBC,2,488,Low,1,0,0,0,0,0,0,0
APP0979,Male,49.37,100.0,2024-08-26,ST,2,276,High,0,0,0,0,0,0,0,0
APP0980,Male,87.67,63.35,2024-08-21,ST,3,306,Low,0,1,0,0,0,0,0,0
APP0981,Female,74.34,64.28,2024-08-29,OBC,3,203,Low,1,1,1,0,0,0,0,0
APP0982,Female,81.25,69.68,2024-07-10,General,3,265,High,1,1,1,0,0,0,0,0
APP0983,Male,81.67,61.34,2024-07-29,ST,2,100,High,0,1,1,0,0,0,0,0
APP0984,Male,72.63,57.73,2024-06-12,General,1,342,Low,1,1,1,0,0,0,0,0
APP0985,Male,72.66,77.01,2024-08-25,SC,2,118,Low,1,1,1,0,0,0,0,0
APP0986,Female,82.12,15.89,2024-07-23,ST,1,491,Middle,0,1,1,0,0,0,0,0
APP0987,Male,82.87,62.92,2024-06-01,ST,1,17,Low,0,1,0,0,0,0,0,0
APP0988,Female,74.78,54.17,2024-07-13,OBC,3,230,Low,1,1,1,0,0,0,0,0
APP0989,Female,88.49,74.21,2024-06-23,ST,2,274,Low,1,1,1,0,0,0,0,0
APP0990,Female,65.73,66.11,2024-08-10,OBC,2,114,Low,0,1,1,0,0,0,0,0
APP0991,Male,63.34,39.31,2024-08-13,ST,1,390,High,0,0,0,0,0,0,0,0
APP0992,Female,67.48,72.94,2024-06-24,OBC,3,469,Low,1,1,0,0,0,0,0,0
APP0993,Female,86.44,67.7,2024-07-04,General,2,52,Low,0,1,1,0,0,0,0,0
APP0994,Female,83.7,67.74,2024-07-04,OBC,1,49,Middle,1,1,1,0,0,0,0,0
APP0995,Male,67.3,66.48,2024-06-27,ST,2,465,Middle,1,0,0,0,0,0,0,0
APP0996,Male,84.6,71.31,2024-07-09,General,1,347,High,0,1,1,0,0,0,1,1
APP0997,Female,89.27,70.62,2024-06-16,OBC,3,25,High,0,1,0,0,0,0,0,0
APP0998,Male,79.22,76.05,2024-07-17,General,1,25,Middle,0,1,1,0,0,0,0,0
APP0999,Female,74.68,46.77,2024-08-30,SC,2,391,Middle,1,1,1,0,0,0,0,0
APP1000,Female,73.04,48.83,2024-07-21,General,3,416,High,1,1,1,0,0,0,0,0
